,OR,date,s_min,s_max,s_skew,s_kurt,d_min,d_max,d_skew,d_kurt,i_min,i_max,i_skew,i_kurt,c_min,c_max,c_skew,c_kurt
0,3309,20210114,28421,33772,-0.8349377604130173,-1.0147731242536582,25476,30679,-0.8219129906332492,-1.0263117331412002,299.771,366.614,-0.7992663677564316,-0.9506390098862747,204.098,249.607,-0.7993041002638799,-0.9506247041002105
1,3046,20210115,28421,33772,-1.216384135687843,-0.06941416536904788,25476,30679,-1.1938051563077292,-0.08885144546266055,299.771,366.614,-1.1901029118346664,-0.030605413986978025,204.098,249.607,-1.1901550782272534,-0.03053656927334858
2,3034,20210116,28513,33772,-1.2039381109800935,0.11037445333492046,25476,30679,-1.1838368848500198,0.11471426359025427,299.771,366.614,-1.3602452311839914,0.9439673112763929,204.098,249.607,-1.3603010705107104,0.9440459219714259
3,3157,20210117,29746,33772,-0.9466629208573208,-0.7708000215501123,26712,30679,-0.9020973263604213,-0.8384686686803176,314.254,366.614,-0.9922183298171061,-0.29901202598051047,213.959,249.607,-0.9922782663682983,-0.29896522352417465
4,3158,20210118,29746,33772,-0.9754331905049585,-0.7528132529984837,26712,30679,-0.9203181088505563,-0.8293166268608108,314.254,366.614,-1.0828949792633753,-0.12029411496919584,213.959,249.607,-1.0829499725414558,-0.12026360478880038
5,3150,20210119,29746,33772,-0.9770343352718515,-0.7525556286617432,26712,30679,-0.9170694452121384,-0.8293510801248298,314.254,366.614,-1.0968918697256276,-0.11327583840151645,213.959,249.607,-1.096946431568495,-0.11324493083065157
6,3074,20210120,29746,33772,-0.972164261830094,-0.7452823984947701,26712,30679,-0.9104208437818886,-0.8188337401554704,314.254,366.614,-1.0922596224727525,-0.11177960568755507,213.959,249.607,-1.0923075570297953,-0.11174710763749074
7,3097,20210121,29746,33772,-0.9818895068931951,-0.7312170277084351,26712,30679,-0.9212821758239524,-0.804733828007139,314.254,366.614,-1.0861858946755918,-0.083302060831139,213.959,249.607,-1.086236647300337,-0.08327004072222666
8,3203,20210122,29746,33772,-0.9871802684979702,-0.7158929602480506,26712,30679,-0.928026396862051,-0.7869707485618052,314.254,366.614,-1.1366529267750123,0.0037619676718820827,213.959,249.607,-1.136693762542205,0.0037681914838070263
9,3073,20210123,29746,33772,-0.8852087573920918,-1.0325167903316763,26712,30679,-0.8481409431442745,-1.0606213365705845,314.254,366.614,-0.9757468382000768,-0.4578335726957685,213.959,249.607,-0.9757658476613181,-0.4578744197092748
10,3269,20210124,28790,33772,-1.023150864597288,-0.6071042885501048,25717,30679,-0.9922073753840075,-0.6416906029425222,307.458,366.614,-1.1363496714389096,-0.06240311830617307,209.331,249.607,-1.1363852723922336,-0.062353664744099646
11,3219,20210125,28790,33749,-1.0534340613506847,-0.5689185865353563,25717,30633,-1.0230563945511355,-0.5979371622013927,307.458,366.614,-1.0024179811982699,-0.20271376277560194,209.331,249.607,-1.0024541147778487,-0.20267576549471444
12,3064,20210126,28790,33359,-1.0957481029745952,-0.5312310930573436,25717,30285,-1.0717819038950542,-0.5536653726737244,307.458,361.441,-1.1083707456169594,-0.05621238823526076,209.331,246.085,-1.1083835210687065,-0.05618467807402627
13,3286,20210127,28790,33359,-1.0792567949899958,-0.5347620427923756,25717,30285,-1.0616409688122597,-0.549750415694302,307.458,358.668,-1.147370296049623,0.04694026325231393,209.331,244.198,-1.1473732095295903,0.046957656646339885
14,3203,20210128,28790,33359,-1.0767239512594275,-0.5267826522609762,25717,30285,-1.053284186980496,-0.5408343507909756,307.458,358.199,-1.1812368169216099,0.13436332788819083,209.331,243.879,-1.1812452585278843,0.13438350651774522
15,3447,20210129,28790,33359,-1.0513361180767586,-0.5417416924438161,25717,30285,-1.029354457846229,-0.5582025673366968,307.458,358.199,-1.1785338517419173,0.18346687178246857,209.331,243.879,-1.1785421816123698,0.18349181281318527
16,2906,20210130,28790,33359,-1.0456382083536253,-0.5643647266631819,25717,30285,-0.9949289904738852,-0.706369567222068,307.458,358.199,-1.0751703878808205,-0.1730265096866881,209.331,243.879,-1.075182527577686,-0.17300002238639944
17,2938,20210131,28364,33359,-1.1312543386629497,-0.3565519064216489,25458,30285,-1.0440455128145145,-0.6169817772558179,304.697,358.199,-1.1700161034514607,0.012951453835915228,207.451,243.879,-1.1700340741340218,0.012976575498061749
18,3046,20210201,28364,33359,-1.06684169988685,-0.4059694614274618,25458,30285,-1.0016702169372491,-0.6367176420466323,304.697,358.199,-1.1806060987295062,-0.0025466951068295884,207.451,259.828,-0.5302661198095067,-0.055231421738084485
19,3006,20210202,28364,33359,-1.071798911030797,-0.3846710504112183,25458,30285,-1.0063620204074486,-0.6236861524028918,304.697,364.417,-1.0582523658414211,-0.11131547517257045,207.451,268.212,-0.004869979451471255,-0.1715280261264578
20,3132,20210203,28364,33359,-1.0757499812751103,-0.35794734433543995,25458,30285,-1.0115752227710835,-0.6065038343359599,304.697,366.195,-0.9406456673157358,-0.23101175910685479,207.451,269.521,0.11368200623321996,-0.5907940292131264
21,3060,20210204,28364,33192,-1.1101549659524779,-0.30912463787925804,25458,30095,-1.0515149233545602,-0.5664791368881006,304.697,366.195,-0.8701725214975008,-0.3425708100509173,207.451,269.521,0.06710071074833299,-0.9650217922731845
22,3066,20210205,28364,33152,-1.1247955768634554,-0.26345330535267664,25458,29933,-1.072486912006927,-0.5313339094240122,304.697,366.195,-0.8463276489641257,-0.3968800307224227,207.451,269.521,-0.028434860649179078,-1.2200581238073702
23,2763,20210206,28364,33152,-1.0302455510702897,-0.579370668146606,25458,29933,-1.0001842414574162,-0.7600683614945889,304.697,366.195,-0.9250846847471026,-0.21592898799650628,207.451,269.521,-0.2339988276289022,-1.0731878090664022
24,3047,20210207,28364,33152,-1.0367898918465828,-0.5673320166944285,25458,29933,-0.9912721284054388,-0.7777500348176689,304.697,366.195,-0.8707505251010367,-0.013211633826805791,207.451,269.521,-0.21186250881319357,-0.8017159200486628
25,2880,20210208,28364,33152,-0.881115826940098,-0.7528481929509399,25458,29933,-0.8266676502317473,-0.9641433514888731,304.697,366.195,-0.9129438908187224,0.056333617154252114,207.451,269.521,-0.43725578542904137,-0.596709112092459
26,2887,20210209,28364,32843,-0.5748727841263995,-1.3233178863210207,25458,29726,-0.5155862295979068,-1.463969908925996,304.697,366.195,-0.6564297559403816,-0.40766707287133075,207.451,269.521,-0.4876931568069729,-0.5206179429005435
27,2833,20210210,27257,32843,-0.46424632609007976,-1.2576798731755992,24370,29726,-0.42260438757206886,-1.3150047185256222,304.697,366.195,-0.47441251777542576,-0.9679388874406363,207.451,269.521,-0.3950729361505222,-0.8400071980827546
28,2992,20210211,24966,32787,-0.7031574689749346,-0.4158353195965687,22133,29726,-0.6769815883613864,-0.41451437283877013,282.821,366.195,-0.587970551664866,-0.6555764210131905,207.451,269.521,-0.3759894588329191,-1.1342104368275774
29,3024,20210212,24905,32787,-0.5274129307495475,-0.838850734793668,21913,29726,-0.5248497161912178,-0.7960750165302093,271.573,366.195,-0.5376185607712807,-0.8205392211315483,199.878,269.521,-0.36557140237151287,-1.2969118000368467
30,2911,20210213,24905,32787,-0.3324017867769592,-1.2728673019948595,21913,29726,-0.36932060084423973,-1.231966073447906,271.573,366.195,-0.422451716231334,-1.2208112766588464,199.878,269.521,-0.36670566407281757,-1.409954247065317
31,2644,20210214,24905,32787,-0.22775358837390774,-1.5148545059160197,21913,29726,-0.2554456301811166,-1.4941363578155504,271.573,366.195,-0.37254406590598327,-1.4169879145399076,199.878,269.521,-0.37254452743214594,-1.4169783912419365
32,3001,20210215,24905,32787,0.056599730039036664,-1.553629094605828,21913,29726,0.02194063721723647,-1.5289584330890242,271.573,366.195,-0.08398800265994884,-1.5677305476334893,199.878,269.521,-0.08398839100978087,-1.5677245738546188
33,2824,20210216,24905,32787,0.24743419341980744,-1.3441884318478232,21913,29655,0.2101944629264854,-1.3344036629208942,271.573,366.195,0.14111224722074334,-1.4486621152120978,199.878,269.521,0.14111032112566121,-1.4486526184958348
34,2907,20210217,24905,32787,0.21350682904969664,-1.2734602920583469,21913,29655,0.16122603559536736,-1.293330332590114,271.573,365.655,0.11338136332256497,-1.3703786098652462,199.878,269.124,0.11337675552824288,-1.3703689898117923
35,2885,20210218,24905,32351,0.09973558117018728,-1.3906644954542815,21913,29291,0.06283962002075401,-1.3881081113369547,271.573,363.13,0.016963803053507056,-1.4512311358179657,199.878,267.264,0.01694566325094297,-1.451244486985616
36,2975,20210219,24905,31512,0.009030142039428974,-1.5035367725326614,21913,28627,-0.00927339719296441,-1.4713160116344366,271.573,355.022,-0.06347160611899096,-1.5555026939839685,199.878,261.297,-0.06348018631001147,-1.5554989849121519
37,3139,20210220,24905,31512,-0.011335562796297067,-1.5511328953285133,21913,28627,-0.035996937237389684,-1.5267512334953544,271.573,355.022,-0.05703373644661683,-1.5858742785637423,199.878,261.297,-0.05704667864825922,-1.5858756609953872
38,2989,20210221,24905,31512,0.012348292361839004,-1.5435209843650155,21913,28627,0.019344550995042717,-1.5110832142309851,271.573,355.022,-0.0011796714587336608,-1.569786444529316,199.878,261.297,-0.0011904029857773156,-1.5697877141667091
39,3109,20210222,24905,32355,0.10816624926517021,-1.4574000291419127,21913,29366,0.10831716630164595,-1.4469946893348282,271.573,355.022,0.014870601125317297,-1.576544869469093,199.878,261.297,0.014858302955016568,-1.5765445762877612
40,3049,20210223,24905,33028,0.10719609282840935,-1.5254446715210528,21913,29919,0.09440901417456403,-1.5396775127645776,271.573,366.593,0.05822913404972675,-1.5871155740888625,199.878,269.813,0.05821829707613559,-1.587115580093548
41,3028,20210224,24905,33080,-0.08281841223137129,-1.5996375649537657,21913,30031,-0.09558379591612476,-1.6113042339235573,271.573,369.522,-0.09580222085916049,-1.645456284746299,199.878,271.97,-0.09580008776087448,-1.6454459720390002
42,3041,20210225,24905,33100,-0.3259033205971594,-1.4580020596028296,21913,30072,-0.3442586321380113,-1.4567827049953102,271.573,370.985,-0.3470920260972518,-1.4875582642624443,199.878,273.046,-0.3470896167520977,-1.4875488719239136
43,2758,20210226,24980,33100,-0.5879727633866534,-1.1540753221434406,21956,30072,-0.605119521904728,-1.14808179797751,273.203,370.985,-0.6015657093851849,-1.1840319068561584,201.079,273.046,-0.6015533141342884,-1.184039799362107
44,2672,20210227,25351,33100,-0.649829089600574,-0.8442797512437719,22440,30072,-0.66896073315905,-0.8595344551713189,277.622,370.985,-0.7845812114295505,-0.7079946792580141,204.331,273.046,-0.7845759887302937,-0.7079907448391207
45,2832,20210228,26109,33100,-0.47457217059558277,-1.082419977649646,23465,30072,-0.4761465592914846,-1.1596098906166774,287.253,370.985,-0.6619319857623396,-0.7715941242200195,211.419,273.046,-0.6619297108160067,-0.7715703709775039
46,3221,20210301,27689,33100,-0.27925395687583,-1.3383733618084412,24715,30072,-0.33782619647325823,-1.3091898633826773,301.134,370.985,-0.453176500081941,-1.0101085115620783,218.544,273.046,-0.5310864648950195,-1.063596955795688
47,3075,20210302,27689,33100,-0.5133667482352503,-1.0810500732043922,25017,30072,-0.5577485497297564,-1.040624669928081,313.622,370.985,-0.5417752486953287,-0.9127525764501545,218.544,273.046,-0.5750340344570846,-0.7176299151682635
48,3088,20210303,27689,33100,-0.6654139221758739,-1.0381450248565758,25017,30072,-0.6918257809930257,-1.0088514958624037,313.622,370.985,-0.7520530866120438,-0.7637369389484974,218.544,273.046,-0.537977901358721,-0.7734670603559608
49,3268,20210304,27689,33100,-0.7365112075194417,-1.0434765462662468,25017,30072,-0.7530114219328709,-1.0178827891287094,313.622,370.985,-0.826746834051354,-0.7689671483984362,218.544,273.046,-0.4141036512282576,-0.8462879046192757
50,2805,20210305,27689,33137,-0.8015686249673213,-1.0346684749046782,25017,30072,-0.8112706343595839,-1.0128554677997532,313.622,370.985,-0.8567314480628927,-0.7977615867551751,218.544,273.046,-0.2886300942846913,-0.8243154640546071
51,2751,20210306,27689,33137,-0.7288863099457084,-1.1993371923683966,25017,30072,-0.7526556544825463,-1.1451957557266597,313.622,370.985,-0.7974326522809723,-0.8955090360668923,218.544,273.046,-0.05404704985596625,-1.1101283416556944
52,3110,20210307,27689,33137,-0.725604444938976,-1.2002327591729076,25017,30072,-0.7270494624401561,-1.1879510016896984,313.622,370.985,-0.7547834889798845,-0.9533889090595147,217.118,273.046,-0.19486301422996058,-1.0794749505161514
53,3048,20210308,27689,33137,-0.7383397059829064,-1.2085703732880673,25017,30072,-0.7363623318050523,-1.1964022424944623,313.622,370.985,-0.8203937847883178,-0.9033190895332535,217.118,273.046,-0.01916667285715541,-1.0421937699702002
54,3055,20210309,27689,33137,-0.7389489490287564,-1.2076880282342288,25017,30072,-0.7356645836763667,-1.1972667769425764,313.622,370.985,-0.8140118999496068,-0.9162711913308348,217.118,273.046,0.07363749426251236,-0.7324511277682739
55,3076,20210310,27689,33137,-0.7414375893549272,-1.2045137645920418,25017,30072,-0.7396043875303939,-1.193488080597196,313.622,370.985,-0.8136908312763279,-0.9166470495087733,217.118,273.046,0.07289714283212528,-0.2906339040107593
56,3272,20210311,27689,33137,-0.7409063788911787,-1.2049257670252551,25017,30040,-0.7411199862458737,-1.1926052794150228,313.622,372.205,-0.8052528427224862,-0.9221739324662117,217.118,271.241,-0.21744422094089275,0.07005257052131642
57,3075,20210312,27689,33200,-0.7346869932942981,-1.215542252265734,25017,30040,-0.7389495464874186,-1.1982395544183135,313.622,372.205,-0.7980877809977271,-0.9318303656829463,217.118,251.066,-1.11505918584499,-0.21716517184710682
58,2933,20210313,27689,33200,-0.787553598353945,-1.0645968889403794,25017,30040,-0.7666471478129085,-1.1160008415981377,313.622,372.205,-0.8331914747028402,-0.8476829869109372,217.118,251.066,-0.8115980818502628,-0.753860601582657
59,3075,20210314,28545,33200,-0.683544992600218,-1.3666330254541594,25641,30040,-0.6827964614027935,-1.36167370565086,319.054,372.205,-0.7673768363790242,-1.0218545445227554,215.213,251.066,-0.7673610118752288,-1.0218645152791868
60,3087,20210315,28545,33200,-1.0403597940251885,-0.7278147253165046,25641,30088,-1.0325173915896133,-0.7407555334399758,319.054,372.205,-1.1448192853841963,-0.10987806887639495,215.213,251.066,-1.144806291013063,-0.10990500418647953
61,3183,20210316,28545,33771,-1.002445988541355,-0.7564146326333709,25641,30684,-0.9913883760984312,-0.7669505458156696,319.054,376.067,-1.123291527584352,-0.17153742115088644,215.213,253.67,-1.1232908407020115,-0.1715554425720236
62,3214,20210317,28545,33899,-0.9692009229186084,-0.7873636109638502,25641,30716,-0.9602567563233608,-0.798124024733089,319.054,380.454,-1.0300939673723877,-0.2862168335744504,215.213,256.629,-1.030114051341685,-0.2862219659395864
63,3137,20210318,28545,33938,-0.9481410887042758,-0.8161435744367771,25641,30724,-0.9428238070891878,-0.8255558564377194,319.054,380.783,-0.9710807025089364,-0.3855010520085056,215.213,256.852,-0.9710934929786801,-0.38550790436287796
64,2838,20210319,28545,34002,-0.9267302906294241,-0.8441143981850221,25641,30865,-0.9245402420226262,-0.853768907122789,319.054,380.818,-0.9318527136931288,-0.4651149943084185,215.213,256.876,-0.9318503896140681,-0.46512656243806294
65,3186,20210320,28545,34002,-1.0109097997783705,-0.5695844616540424,25641,30865,-1.017746355808003,-0.5658184124450911,319.054,380.818,-1.0823645264415296,-0.07805626116838127,215.213,256.876,-1.0823583128975431,-0.0780870037807202
66,3225,20210321,28574,34002,-0.9849395572842516,-0.6317332897128582,25641,30865,-1.0265226689530742,-0.5443325336515312,319.054,380.818,-1.0601131673660822,-0.10464688153813251,215.213,256.876,-1.0601138160153318,-0.10466255162199456
67,3537,20210322,28574,34002,-0.9815298924075717,-0.6337982164950096,25641,30865,-1.0142307266227928,-0.5533942064953234,319.054,380.818,-1.0787247630340007,-0.07394369207163853,215.213,256.876,-1.0787179233639415,-0.07397063505199686
68,3059,20210323,28574,34002,-0.9919972225298263,-0.6336510135361064,25641,30865,-1.001575388168141,-0.5585665928191021,319.054,380.818,-1.0740496333835787,-0.07444387247919737,215.213,256.876,-1.0740371809393097,-0.07447132306775783
69,3272,20210324,28574,34002,-0.999591967257959,-0.6309474186128172,25641,30865,-1.007346839392504,-0.5587858163655781,319.054,380.818,-1.0820808093208303,-0.08470582764203005,215.213,256.876,-1.082067240086127,-0.08472861070800963
70,3279,20210325,28574,34002,-1.000013680871808,-0.6308806205012449,25641,30865,-0.999206154825661,-0.5593678263978745,319.054,380.818,-1.0645562591913904,-0.07853210417566192,215.213,256.876,-1.0645394230026766,-0.07855007916848722
71,3201,20210326,28574,34002,-1.0002732043466656,-0.6309199328886184,25641,30865,-0.9992516218460127,-0.5593637451315843,319.054,380.818,-1.0673251828362935,-0.08247533853920208,215.213,256.876,-1.0673110904962846,-0.08249612658916394
72,2919,20210327,28574,34002,-1.115449440669162,-0.23316425796896345,25641,30865,-1.0998470390920372,-0.19228517238572662,319.054,380.818,-1.1737885022777872,0.2919137150498705,215.213,256.876,-1.1738040974797426,0.29199857996414513
73,3181,20210328,28874,34002,-1.024698635917776,-0.4065130084747852,25688,30865,-1.0340831365023317,-0.2147271687761041,324.801,380.818,-1.0032446103887858,-0.0014169219831674518,219.09,256.876,-1.0032484105952748,-0.0013740066758796132
74,3262,20210329,28874,34641,-0.9181984674746859,-0.5098594541854942,25688,31460,-0.9082012969207829,-0.35612810106788384,324.801,380.818,-1.0647058719807359,-0.018563096998251094,219.09,256.876,-1.0646887782507617,-0.018558121144930606
75,3229,20210330,28874,35318,-0.7098011072323543,-0.6014116582036233,25688,32056,-0.7004662188035505,-0.4737733200344474,324.801,394.735,-0.7508424480956228,-0.2018766952849207,219.09,266.263,-0.7508163389894164,-0.20188219204990743
76,3470,20210331,28874,35323,-0.5970476839006892,-0.7198088177967876,25688,32094,-0.57955483881617,-0.6165703132603353,324.801,395.185,-0.5791716390018466,-0.37736091228094004,219.09,266.567,-0.5791316313931303,-0.37738723125368034
77,3160,20210401,28874,35475,-0.5203359701520563,-0.8429597073431627,25688,32094,-0.5291866230195419,-0.7509555830141945,324.801,395.185,-0.5328063787374492,-0.5173219518627881,219.09,266.567,-0.5769594314780615,-0.42157322297983546
78,3057,20210402,28874,35475,-0.3632984596189874,-0.88121937839276,25688,32094,-0.3694794675190468,-0.7733929562843533,324.801,395.185,-0.386353855622435,-0.4970576928365178,219.09,266.567,-0.36212461320014,-0.500284502277033
79,2995,20210403,28874,35475,-0.36621406522469013,-0.8604949059368407,25688,32094,-0.3640559990591264,-0.8011047576064532,324.801,395.185,-0.32093039040423627,-0.7095389840769419,219.09,266.567,-0.28001368128549625,-0.8389706182146912
80,2872,20210404,28213,35475,-0.5213550132283308,-0.5500093121118237,25218,32094,-0.4876390763496826,-0.5500688730030876,316.646,395.185,-0.5197071841753975,-0.3383758364078977,209.629,266.567,-0.6142466011516432,-0.18591796687513273
81,3201,20210405,28213,35475,-0.33893951036223824,-1.0779042635644713,25218,32094,-0.3047116689809532,-1.067728500084097,314.199,395.185,-0.4933936493487687,-0.8070074599777346,208.01,266.567,-0.5582837877210376,-0.7325911778284309
82,3247,20210406,28213,35475,-0.3217076041229743,-1.0713432795956102,25218,32094,-0.31359922117967104,-1.06942453499045,314.199,395.185,-0.38347502598213073,-0.8666751351669486,208.01,266.567,-0.40471863746876385,-0.8390985801734661
83,3298,20210407,28213,35475,-0.32344000930229294,-1.0719840129839215,25218,32094,-0.3006997046114192,-1.0634775364469782,314.199,395.185,-0.3353481735929178,-0.8395062632442389,208.01,266.567,-0.3163215674170135,-0.7995025806820304
84,3211,20210408,28213,35475,-0.3413120182878562,-1.0813398058818329,25218,32094,-0.3185838889133856,-1.0715975484553368,314.199,395.185,-0.3422518916797966,-0.8432615670330503,208.01,266.567,-0.2785441971812081,-0.7773722363926372
85,2966,20210409,28213,35475,-0.2992398822939006,-1.0752687207669032,25218,32094,-0.27890269516943544,-1.0669725128945033,314.199,395.185,-0.2847041159364138,-0.8148231452135755,208.01,266.567,-0.1792369680509581,-0.7090647789534619
86,2848,20210410,28213,35475,-0.254962704240668,-1.2102292005060977,25218,32094,-0.24612911502294962,-1.1742133503680143,314.199,395.185,-0.22070724481146406,-0.9546950264689578,208.01,266.567,-0.08053046138226995,-0.8976381621034593
87,3205,20210411,28213,35475,-0.2550399549539993,-1.240146812062788,25218,32094,-0.24442319111019783,-1.2024349616217305,314.199,395.185,-0.22408768271207244,-1.0505332810610764,208.01,266.567,-0.07735998231525604,-1.054660569076988
88,3195,20210412,28213,35475,-0.25693762800676345,-1.2199632215703407,25218,32094,-0.24877355324151873,-1.1785846973509986,314.199,395.185,-0.18516021336701302,-0.9708962555996501,208.01,266.567,-0.010609084721260723,-0.8940669240954287
89,3235,20210413,28213,35475,-0.28973801950150985,-1.2093435997317399,25218,32094,-0.28309268681769667,-1.1711602439873703,314.199,395.185,-0.26734077184518823,-0.9367578379970207,208.01,266.567,-0.13746745540964492,-0.8330027040767445
90,3208,20210414,28213,35475,-0.35177592255404616,-1.1453981789452796,25218,32005,-0.36073171032319634,-1.106765181066877,314.199,391.224,-0.4319019762108278,-0.9054148913725419,208.01,259.002,-0.43192194310995385,-0.9054624436030356
91,3320,20210415,28213,34818,-0.5058264201048764,-1.1622773683992984,25218,31623,-0.4870378287136954,-1.093270346647483,314.199,383.92,-0.6184581281805513,-0.9150597856757594,208.01,254.167,-0.6184525918904558,-0.9151032996570461
92,2883,20210416,28213,34818,-0.5861234534157596,-1.193421709155275,25218,31623,-0.5729855603644296,-1.128898288047938,314.199,383.92,-0.6323182012194525,-0.9851927762004231,208.01,254.167,-0.6323052937542257,-0.9852346837479415
93,2863,20210417,28213,34818,-0.5641654922412306,-1.243241690346539,25218,31623,-0.5654904356098786,-1.1460613284355081,314.199,383.92,-0.6622961742158251,-0.936844951211214,208.01,254.167,-0.6622879858191029,-0.9368781840543021
94,3091,20210418,28935,34818,-0.48662626296124106,-1.4041907789116663,26063,31623,-0.45478405321380944,-1.3721823816980872,314.199,383.92,-0.6218565761519597,-0.9495899966600514,208.01,254.167,-0.6218438016406596,-0.9496451870086373
95,3214,20210419,28991,34818,-0.7816600282321816,-0.9503554113547885,26128,31623,-0.7370642421904394,-0.9497506804099682,324.545,383.92,-0.774836348174275,-0.5888310109416395,214.858,254.167,-0.77486176524021,-0.5887944402909282
96,3302,20210420,28991,34818,-0.798102751769083,-0.9794898504933043,26128,31623,-0.7570207899244303,-0.9878798610526589,324.545,383.92,-0.8929380420065571,-0.5251052565532861,214.858,254.167,-0.89297080685408,-0.5250497020424709
97,3285,20210421,28991,35186,-0.7690002291099386,-1.0083897753814879,26128,31884,-0.7415770804609132,-1.018994349318517,324.545,386.69,-0.8551822893838905,-0.6081938979172454,214.858,256.001,-0.8552160427346092,-0.6081389305255489
98,3334,20210422,28991,36050,-0.6534581802250128,-1.0246892760824884,26128,32765,-0.6292139716075495,-1.0277818148781095,324.545,396.619,-0.6892089238026237,-0.6986375542463477,214.858,262.574,-0.6892508352869443,-0.6985960191871246
99,2989,20210423,28991,36050,-0.755851694372887,-0.9923728363214304,26128,32765,-0.748136657118882,-0.9843653556409273,324.545,396.619,-0.7629898030117898,-0.7276373730016346,214.858,262.574,-0.7630169775974575,-0.7275998812424032
100,2911,20210424,28991,36050,-0.8333145826830423,-0.6943463490994048,26128,32765,-0.8264427118572557,-0.6729519681189524,324.545,396.619,-0.9629068362884489,-0.10782899060741702,214.858,262.574,-0.9629466165387484,-0.10777877696368154
101,3197,20210425,28991,36050,-0.8344506805402556,-0.6930783428224507,26128,32765,-0.8318785743722217,-0.6671765369212026,325.028,396.619,-0.8784585917921425,-0.19842736834058394,215.178,262.574,-0.87849556524116,-0.19838399791985717
102,3474,20210426,28991,36050,-0.8394629784365822,-0.6976733766721677,26128,32765,-0.8371756442198153,-0.6731085309397571,325.028,396.619,-0.9222592536839179,-0.15451382703839966,215.178,262.574,-0.9222903278617397,-0.15446941544570203
103,3169,20210427,28991,36050,-0.8300143237485803,-0.7229726338715117,26128,32765,-0.8347373355773249,-0.6826232476131628,325.028,396.619,-0.9182442892164379,-0.17409104832908584,215.178,262.574,-0.9182780914935031,-0.17403773364452269
104,3296,20210428,28991,36050,-0.8697111083140133,-0.7203357898765832,26128,32765,-0.8784417472782087,-0.6827440520724686,325.028,396.619,-0.9368418197678765,-0.21594334132922155,215.178,262.574,-0.9368709589571014,-0.215890628186441
105,3058,20210429,28991,36050,-0.8385084197465439,-0.7465196045679576,26128,32765,-0.8354375963895246,-0.72201776479216,325.028,396.619,-0.932420018709755,-0.21790365831083136,215.178,262.574,-0.9324507861070231,-0.21784998092458663
106,2884,20210430,28991,36050,-0.5960146450779198,-1.110025152335934,26128,32765,-0.5982107936957765,-1.0929961870729767,325.028,396.619,-0.6805311677568016,-0.6413670348403233,215.178,262.574,-0.6805603809944579,-0.6413131637874283
107,2975,20210501,28991,36050,-0.5919098325646264,-1.1412127257726028,26128,32765,-0.5923476848599062,-1.130009884518341,311.066,396.619,-0.8669069203361519,-0.4595307572351204,204.108,262.574,-0.9097190147199787,-0.33832505194905904
108,3234,20210502,29452,36050,-0.5054075745186146,-1.2797139886038573,26541,32765,-0.5051900901030587,-1.2710048615687515,303.82,396.619,-1.0096826253807953,-0.2240150293994212,199.353,262.574,-1.0519021519287395,-0.13278506323121375
109,3360,20210503,29452,36050,-0.5556462718374499,-1.3053813049189276,26541,32765,-0.5467992197314706,-1.3010773806553595,303.82,396.619,-0.8671209868050642,-0.47066479524289395,199.353,262.574,-0.8860982109940668,-0.4380104496581576
110,3578,20210504,29452,36402,-0.49494638189291007,-1.330931310488381,26541,33042,-0.4835486693389626,-1.3275048996398349,303.82,396.619,-0.8131580315008807,-0.4636454730139383,199.353,262.574,-0.8147597843298328,-0.4461287300508472
111,3465,20210505,29452,36402,-0.463836869833604,-1.358190579710843,26541,33042,-0.4670419206763934,-1.3554151487618566,303.82,396.619,-0.7556417715945651,-0.40000689494079333,199.353,262.574,-0.7405285307841166,-0.3940697241596425
112,3518,20210506,29452,36541,-0.4308092796169901,-1.3566962014637234,26541,33076,-0.44274777857361974,-1.3529484952433122,303.82,391.396,-0.8567996090601907,-0.2107220765079938,199.353,259.117,-0.8240793489717392,-0.20316561897741714
113,3305,20210507,29452,37704,-0.28210505775129746,-1.3144141155479852,26541,34186,-0.2878925986638048,-1.3049727542281793,303.82,385.759,-0.9963568834813848,-0.06265088049206824,199.353,255.384,-0.9711103511003756,-0.02227018077375087
114,2975,20210508,29452,37704,-0.44260471310663463,-1.0537855378087608,26541,34186,-0.43823774416034184,-1.057004863314947,303.82,385.759,-0.899839496710926,-0.2012448161219047,199.353,255.384,-0.8507743905638594,-0.18954145730678595
115,3519,20210509,30174,37704,-0.3691956602591185,-0.9401480389726942,27208,34186,-0.3683569042171072,-0.9274521890827097,303.82,385.759,-0.8818793350217322,-0.2711259099012464,199.353,255.384,-0.811282142657787,-0.3406925174970543
116,3611,20210510,30174,38606,-0.22046638758142484,-1.0011266570063655,27208,35087,-0.1931108027088257,-0.976941376024572,303.82,385.759,-0.858693311984889,-0.3332395411929556,199.353,255.384,-0.801580877650882,-0.37320612288321175
117,3669,20210511,30174,39604,-0.06480865124818153,-1.0588654299215017,27208,35993,-0.04582555495701697,-1.044222793357921,303.82,394.226,-0.7372553437304311,-0.3746744638816111,199.353,258.674,-0.7324012747603944,-0.39717018973228546
118,3682,20210512,30174,40329,-0.04872656848212604,-1.1772611002894215,27208,36660,-0.023488677106105176,-1.173177397495783,303.82,401.464,-0.5241124112940245,-0.43971592322155795,199.353,263.423,-0.5552129482828603,-0.43924118638503984
119,3344,20210513,30174,40387,-0.2089481177151492,-1.2442741892432427,27208,36705,-0.19145035129600182,-1.2432258599070753,303.82,401.464,-0.4865935048142013,-0.6010178024128328,199.353,263.423,-0.5117902911689829,-0.5706364714392995
120,3507,20210514,30174,40397,-0.4570240772602833,-0.999251827977901,27208,37053,-0.41383296630277605,-1.0139924119188892,303.82,405.55,-0.5215888105135896,-0.7085524505546399,199.353,266.104,-0.5216035064368892,-0.7085070265369602
121,3306,20210515,30183,40397,-0.6250548289545738,-0.4873811147379383,27208,37053,-0.5723896453016376,-0.5219220417570325,303.82,405.55,-0.7799630953386477,0.059534588582712544,199.353,266.104,-0.7799843016582569,0.05961934228594279
122,1437,20210516,32192,40397,-0.30495747276907464,-0.768206130996298,29217,37053,-0.22774532159987437,-0.8417471639133347,331.233,405.55,-0.23300693523045019,-0.7096476798233469,217.341,266.104,-0.23299063453399455,-0.7096540329422658
123,3095,20210517,32192,40397,-0.5891609918759673,-0.4497530056127452,29217,37442,-0.4096836507524885,-0.7576680487159768,331.233,405.55,-0.4780544574528469,-0.47300695416533856,217.341,266.104,-0.4780253787726049,-0.4730501227847954
124,2880,20210518,32192,40397,-0.7469270249769522,-0.4152796356439712,29217,37442,-0.5772476864958043,-0.7558121673707769,331.233,409.708,-0.5778107714651955,-0.5063879853738342,217.341,268.833,-0.5777887435384319,-0.5064056922807976
125,2570,20210519,32192,40454,-0.9513158226643973,-0.19054400935143567,29217,37574,-0.7906964897073072,-0.5358996231984707,331.233,411.48,-0.7590081224383837,-0.3112545070064283,217.341,269.996,-0.7589814678537551,-0.31126830392144234
126,2882,20210520,32192,40454,-1.1802275736725185,0.1704245264694637,29217,37574,-1.0209467768874916,-0.21538964018059437,331.233,411.48,-1.002229516833183,0.08037970234890768,217.341,269.996,-1.0022042213122635,0.08037141702676953
127,3653,20210521,32192,40561,-1.287581878898833,0.29743773895537773,29217,37679,-1.1607335349045094,-0.04291599027318238,331.233,412.346,-1.1578272405938392,0.2790594234826571,217.341,270.563,-1.1578192957153481,0.2790711668786714
128,2244,20210522,32192,40561,-1.6539312958596932,2.0445222265297973,29217,37679,-1.3909840740242152,1.1301282083970863,331.233,412.346,-1.516706895094197,1.912089518659597,217.341,270.563,-1.5166880661174527,1.9120542002145884
129,2285,20210523,34358,40561,-1.1452571483740042,0.16233544394455457,32114,37679,-0.7974806227432351,-0.8365395358336687,364.174,412.346,-0.6021375923290919,-0.8422261076217961,238.955,270.563,-0.6021149122086287,-0.8422732722818056
130,2797,20210524,34358,40561,-1.2554208194780927,0.28628953843438243,32114,37893,-0.9437154251646659,-0.6773494856943656,364.174,412.346,-0.9014643988336551,-0.3802548727296653,238.955,270.563,-0.90144874198758,-0.3802672291705349
131,2388,20210525,34358,40561,-1.2709525300360274,0.2836790501925255,32114,37893,-1.02581488393594,-0.613165964831377,364.174,412.346,-1.0001042430079332,-0.2874027213421546,238.955,270.563,-1.0000855933398214,-0.28741254338980804
132,2523,20210526,34358,40561,-1.254531510304501,0.301770279659467,32114,37893,-1.047764564978861,-0.6019390675708483,364.174,412.346,-1.0213408945616829,-0.2930616249899307,238.955,270.563,-1.0213252856723196,-0.29306576595327494
133,2326,20210527,34358,40561,-1.2448857483777307,0.2823743527555984,32114,38022,-1.0488429287015368,-0.6184762550786003,364.174,413.946,-1.1184950450171545,-0.18633678120204777,238.955,271.613,-1.1184818878033502,-0.18635258866444993
134,4990,20210528,34358,40727,-1.2216446211188539,0.24026669919061883,32114,38401,-1.015376142907442,-0.6563423524267842,364.174,415.176,-1.0815555805779533,-0.2606638310376428,238.955,272.421,-1.0815341905601676,-0.26068998349197825
135,3604,20210529,34358,40727,-1.1019325736037737,-0.20392787731999418,31488,38401,-1.0047028111298217,-0.7617563311309237,364.174,415.176,-0.9645228051216207,-0.7091113697186353,238.955,272.421,-0.9645028662327679,-0.7091401590095359
136,4077,20210530,32170,40727,-1.4359700350031965,0.83006781098126,28566,38401,-1.3092881445265752,0.314933447149778,332.559,415.176,-1.5232333279867052,1.3078125016541389,218.211,272.421,-1.5232060807183088,1.3077200405632992
137,3562,20210531,32170,40727,-1.322997597828166,0.583366563756317,28566,38401,-1.05189565300329,-0.18103575586505194,332.559,415.176,-1.1265276441292804,0.14412272217545796,218.211,272.421,-1.1265033269104667,0.14406893552012212
138,3989,20210601,32170,40727,-1.1793265460803501,0.3870864234230642,28566,38401,-0.859434228196282,-0.42472430533470584,332.559,415.176,-0.9102948143055836,-0.16196944480092723,218.211,275.568,-1.0657691557652142,0.03928691332335221
139,3799,20210602,32170,40727,-1.1950945401288677,0.4556737408723017,28566,38401,-0.8066824558385407,-0.38760203453961584,332.559,415.176,-0.8492855418954357,-0.10122803017585014,218.211,284.843,-0.8341413642910329,-0.15345949446902818
140,3726,20210603,32170,40727,-1.1827894779913217,0.4172058631903255,28566,38401,-0.8007081670528294,-0.3369819920737527,332.559,415.176,-0.86278601286849,-0.004728758824440238,218.211,292.769,-0.5306493091818688,-0.35877100425341135
141,3987,20210604,32170,40727,-1.201335841910105,0.46091317815183697,28566,38401,-0.8039338770617298,-0.25147618198710786,332.559,415.176,-0.9020148045443384,0.1290929905070195,218.211,292.972,-0.4110352841212895,-0.6013095803152058
142,4063,20210605,32170,40727,-0.9261244799129403,-0.521846690667954,28566,38401,-0.6471604389099709,-0.8832139852968011,332.559,415.176,-0.6605623980176832,-0.6522593803888621,218.211,292.972,-0.4682533055214307,-0.5013647617870216
143,4602,20210606,31346,40727,-1.0324154287388003,-0.38056714855322005,27283,38401,-0.7480410698742993,-0.8375637495602413,315.919,415.176,-0.8927020943207823,-0.3536995800638496,218.211,292.972,-0.4806136094771211,-0.6528002469521716
144,3775,20210607,31346,40727,-0.9369015535814127,-0.43983511778588724,27283,38401,-0.5854165338543543,-0.9196000712760259,315.919,415.176,-0.641642025458263,-0.6486023316618792,218.211,292.972,-0.4465510569222757,-0.6676293815714138
145,3914,20210608,31346,40727,-0.9227901970999096,-0.3963245175045702,27283,38401,-0.5457081787259151,-0.8355186986989538,315.919,415.176,-0.5660956702563714,-0.5776659006018035,218.211,292.972,-0.529398794774752,-0.7169123513226916
146,3749,20210609,31346,40727,-0.9210126173723078,-0.3855149457405078,27283,38401,-0.5346920138625627,-0.7403807102768059,315.919,415.176,-0.5572998442821371,-0.4465603975170307,218.211,292.972,-0.6012413415279875,-0.7927563500165795
147,2900,20210610,31346,40727,-0.9591168964558182,-0.32012062078364956,27283,38401,-0.6231555937567551,-0.6145592735862744,315.919,415.176,-0.6717098124072298,-0.2613492851487824,218.211,292.972,-0.629257681269346,-0.8734781599969632
148,3046,20210611,31346,40383,-1.0339112105415873,-0.21134693954795214,27283,36584,-0.8537211170153493,-0.5652274585489439,315.919,401.939,-0.8844005470239956,-0.1472866259441723,218.211,292.972,-0.6495641388189878,-0.9491280269526059
149,2729,20210612,31346,40383,-1.011031433906518,-0.2602253882493173,27283,36584,-1.0024875923541008,-0.2473563045225653,315.919,401.939,-0.9121932122947186,-0.11247459740566024,218.211,292.972,-0.9214504613673374,-0.42930214075715734
150,3273,20210613,31346,40383,-1.0117782954781633,-0.011695237804770997,27283,36584,-1.1026549361967595,0.41232424416286495,315.919,401.939,-1.0061129967179434,0.5683543022541695,230.271,292.972,-0.8157591910386243,-0.4122319913572454
151,3750,20210614,31346,40383,-0.7967618469658677,-0.4519339896609109,27283,36584,-0.9514575237514727,0.06983621038683152,315.919,401.939,-0.96614491857311,0.4542260780813603,230.271,292.972,-0.9661266945709186,0.45420679733470903
152,3715,20210615,31346,40967,-0.769694099644811,-0.5709550594050063,27283,37217,-0.9026052589664434,-0.11398099422406016,315.919,407.463,-0.9080554742237955,0.19038589542798912,230.271,296.998,-0.908038043932418,0.1903633684208983
153,3833,20210616,31346,40967,-0.7426652878339834,-0.6258572814940564,27283,37217,-0.8706731558411752,-0.20872873272146641,315.919,410.626,-0.808196238617725,-0.04097128119485571,230.271,299.304,-0.8081734318463445,-0.041004103149188786
154,3848,20210617,31346,41733,-0.6305011134092222,-0.6824419967507289,27283,37900,-0.7625659019995042,-0.3136589746988969,315.919,415.505,-0.6909278111078595,-0.1925221441884455,230.271,302.859,-0.6909240478283438,-0.19254176996287198
155,4685,20210618,31346,41932,-0.5331621146059374,-0.7705801249599702,27283,38084,-0.6674537053763668,-0.43898518812281706,315.919,419.036,-0.5750574913944881,-0.35933909334980285,230.271,305.434,-0.575045821106001,-0.3593517715447123
156,4156,20210619,31346,41932,-0.8098063722911648,-0.07883266757107954,27283,38084,-0.8976873171093338,0.40099448418987205,315.919,419.036,-0.8498205368312146,0.2414144044019011,230.271,305.434,-0.8498107700526736,0.24139878169392315
157,3986,20210620,34015,41932,-0.2952825422400318,-0.9322429434248467,31286,38084,-0.07552382888222849,-1.3280207591721467,354.049,419.036,-0.07111779496679042,-1.3143721404567863,258.064,305.434,-0.0711110305480581,-1.3143725013601124
158,3589,20210621,34015,41932,-0.49718448475217697,-0.83925995317164,31286,38084,-0.32745165109014185,-1.1388074802035717,354.049,419.036,-0.29554100392132077,-1.0281545518021225,258.064,305.434,-0.29552504570959665,-1.0281577429977116
159,3901,20210622,34015,41932,-0.537515063985669,-0.8186492055892245,31286,38084,-0.38911407693010924,-1.1187209380000378,354.049,419.036,-0.3879858267714037,-0.9287966630779749,258.064,305.434,-0.3879681248210718,-0.9287979641499242
160,4694,20210623,34015,41932,-0.3992501287613999,-0.9346264709176606,31286,38084,-0.24318973771611754,-1.246764811045029,354.049,419.036,-0.25631291026495556,-1.1049715666392488,258.064,305.434,-0.25628492497723,-1.1049790571658282
161,5589,20210624,34015,41932,-0.31700080242193873,-0.931985462145291,31286,38084,-0.06313800500576097,-1.3004211146440872,354.049,419.036,-0.07622961867543816,-1.2282409492734698,258.064,305.434,-0.07621666449452667,-1.2282360643219778
162,4203,20210625,34015,41932,-0.3333545512098389,-0.9362076751703325,31286,38084,0.15251920980518138,-1.2553449223653013,354.049,419.036,0.14472031630340618,-1.2181104152751419,258.064,305.434,0.1447337180144993,-1.21810418334833
163,4320,20210626,34015,41932,-0.3427891336506279,-1.0736870961673601,30728,38084,0.0428523075611671,-1.2869684800306787,354.049,419.036,0.10527640603294725,-1.3246080142794128,258.064,305.434,0.10529389394895018,-1.3246026779064988
164,5005,20210627,34576,41932,-0.27221843707578336,-1.1767895316515977,30256,38084,-0.06730024922971517,-1.197203221679818,339.767,419.036,-0.12477184955920263,-1.0423993864665357,247.654,305.434,-0.12476044700994791,-1.0423826531335336
165,5282,20210628,34576,41932,-0.5497496091697943,-0.7275853731955673,30256,38084,-0.2560398495153434,-0.9572040863706093,339.767,419.036,-0.23592839644265343,-0.8015652184847184,247.654,305.434,-0.23592273514833537,-0.8015531007932375
166,5987,20210629,34576,41932,-0.559698688053259,-0.6852450091668523,30256,38084,-0.21256693220133346,-0.7657301776764505,339.767,419.036,-0.16301274866777868,-0.5954236796860126,247.654,305.434,-0.16299911645276624,-0.5954015087601578
167,6038,20210630,34576,42129,-0.44613910039826477,-0.7956609008288815,30256,38084,-0.2119235066666498,-0.676951205745759,339.767,419.036,-0.17668491394343006,-0.3600522930356229,247.654,305.434,-0.17667670183611825,-0.3600059944826506
168,4602,20210701,34576,42878,-0.2955607856021433,-0.7855828902854789,30256,38084,-0.33566203492478275,-0.6281843614581102,339.767,419.036,-0.2910125168321787,0.09498100012130761,247.654,305.434,-0.1410130709699784,-0.35992459551186284
169,4326,20210702,34576,42878,-0.28103960745980267,-0.7984399530864525,30256,37525,-0.4658101229712781,-0.7004729352665446,339.767,396.834,-0.9987958106146304,0.07732195259478924,247.654,308.903,-0.031065322354715763,-0.2974047037326568
170,4525,20210703,34576,42878,-0.2448762244358389,-0.8388727921088135,30256,37525,-0.4590756930714795,-0.7087501136289833,339.767,396.834,-0.7708810707899407,-0.20720741224938966,247.654,308.903,-0.07782208397340667,-0.37748198669026234
171,2268,20210704,34576,42878,-0.24256439695257045,-0.8012937969374958,30256,37525,-0.45816294200583263,-0.726833450437645,339.767,396.834,-0.7281296818021241,-0.5919191205449801,247.654,308.903,-0.14676916100659368,-0.08364217125980078
172,3924,20210705,34576,42878,-0.22132026831241325,-0.7844415297797793,30256,37525,-0.3652422668356753,-0.838374553334738,339.767,396.639,-0.7949464426424206,-0.5080722374897464,247.654,308.903,-0.10256910215750122,-0.4618646828153601
173,3799,20210706,34576,42878,-0.33298403350803435,-0.9238767180317504,30256,37525,-0.3355559000129834,-0.9934941770333348,339.767,397.524,-0.7177765538688793,-0.5959220829705241,247.654,311.531,-0.08972002617696984,-0.8069652418152167
174,3805,20210707,34576,42878,-0.5673159061849807,-0.8237686815965337,30256,37733,-0.4675195013847728,-1.0452390733109775,339.767,399.564,-0.7471391658715388,-0.6692421957380588,247.654,313.13,-0.24819756003597324,-0.9407505395822606
175,3858,20210708,34576,42878,-0.742820178338509,-0.7415514403980334,30256,37990,-0.6175332877634219,-0.9966354111905873,339.767,402.145,-0.8041256879805588,-0.678402137410385,247.654,315.152,-0.43548126596656433,-0.9163766596511556
176,3811,20210709,34576,42878,-0.862084642611621,-0.6901910683123567,30256,38163,-0.8083960774223196,-0.8038023785570054,339.767,403.433,-0.899883004532127,-0.6131789899530089,247.654,316.161,-0.6579976539884634,-0.7248183980233849
177,3394,20210710,34576,42878,-0.9607755227980184,-0.12029722231511863,30256,38163,-0.9725238607971096,-0.10790062531252875,339.767,403.433,-1.1677097257759328,0.2548020736918799,247.654,316.161,-0.9375867380203465,0.21294769565243765
178,3464,20210711,35564,42878,-0.7870088736894505,-0.5990405617398746,31675,38163,-0.6931268387557754,-0.7814260787812204,348.777,403.433,-0.9463007196820415,-0.2553110386489399,273.328,316.161,-0.23022225628591575,-1.4452839030505482
179,2872,20210712,35564,42878,-0.9067851509226622,-0.5253677121607443,31675,38212,-0.8639344420823979,-0.6240899701817737,348.777,403.433,-1.116920340270278,-0.04841786187571939,273.328,316.161,-0.5032873054203989,-1.1685386816289234
180,3832,20210713,35564,42878,-0.9606068722269895,-0.49952159179958766,31675,38599,-0.9867854310009707,-0.4799718806860578,348.777,403.433,-1.1414207263179255,-0.0737342538421597,273.328,316.161,-0.8200799534886559,-0.6882844798099481
181,4013,20210714,35564,42878,-0.9667977836677487,-0.4819283511636474,31675,38599,-1.0793435234208044,-0.40486406441904865,348.777,403.433,-1.1402654747259722,-0.08495703170653979,273.328,316.161,-1.1402813576685948,-0.08493839141952853
182,4235,20210715,35564,42127,-1.0486610064179387,-0.4119555958350887,31675,38599,-1.1186524765491566,-0.38135989288628913,348.777,403.433,-1.198923786112142,-0.03878551054926982,273.328,316.161,-1.1989401691418617,-0.038766744116135676
183,4113,20210716,35564,42021,-1.0642193244620026,-0.38876286105044455,31675,38599,-1.118876722845677,-0.38132227094256166,348.777,403.433,-1.1933453909636176,-0.042375624227717346,273.328,316.161,-1.1933702920423905,-0.04235187928350159
184,4457,20210717,35564,42021,-1.0572864535705728,-0.41184625162290445,31675,38599,-1.132007381593912,-0.3332170579122917,348.777,403.433,-1.1832370846296238,-0.08140267677427859,273.328,316.161,-1.1832700231844013,-0.08134816935119016
185,3338,20210718,35564,42021,-1.0612254261415748,-0.40587686728938,31661,38599,-1.1334439263490255,-0.32841921724560574,348.591,403.433,-1.1862899417042638,-0.07102441351130206,273.183,316.161,-1.1863068014684575,-0.07102429577842528
186,4042,20210719,35564,42021,-1.1952925365037195,-0.2307002578275088,31661,38599,-1.1229471643614874,-0.3623836106769587,348.591,403.433,-1.2323552792219608,-0.020414054978006302,273.183,316.161,-1.2323589404092836,-0.02042898794143877
187,5476,20210720,35564,42038,-1.1923457159246553,-0.24821744068398433,31661,38599,-1.134831736838196,-0.36272268076866343,348.591,403.433,-1.2299575209243818,-0.032368286826291115,273.183,316.161,-1.229960666059517,-0.03238104372492723
188,5400,20210721,35564,42806,-1.138996575391025,-0.31038610812248413,31661,38599,-1.1197500757918104,-0.3709464955731252,348.591,403.433,-1.21650920264686,-0.024986483249309632,273.183,316.161,-1.2165100215337508,-0.024997166676949956
189,5657,20210722,35564,42806,-1.1391933799122913,-0.31298415378865707,31661,38599,-1.0430121382532875,-0.43874683489213284,348.591,403.433,-1.1778305089157355,-0.036086355801793424,273.183,316.161,-1.1778253516286812,-0.036108175155368905
190,4373,20210723,35564,42806,-1.1328536511020704,-0.3033382998373191,31661,38599,-0.9046224791964077,-0.5747469446754487,348.591,400.389,-1.0926849905479412,-0.14443281038846667,273.183,313.775,-1.09266573446473,-0.14448060067903867
191,3494,20210724,35354,42806,-1.0329754171440908,-0.7163412775590983,30981,38599,-0.8699682848265723,-0.8364839297898667,347.322,400.389,-0.9057726354942673,-0.8187136591802373,272.189,313.775,-0.9057493057110695,-0.8187599906408591
192,4518,20210725,35354,42806,-1.0358805256866745,-0.7090128773526092,30981,38599,-0.8695138086988611,-0.8500870918793142,342.3,400.389,-0.9543691561759404,-0.7444982464848389,268.253,313.775,-0.9543511078309578,-0.7445259690528121
193,3950,20210726,35354,42806,-1.0170664731911045,-0.7310102415063113,30981,38599,-0.8716771158772318,-0.8471681004480169,342.3,400.389,-0.9539544443001278,-0.7304650373844046,268.253,313.775,-0.9539418930891783,-0.7304888370621954
194,3033,20210727,35354,42806,-1.00622551832424,-0.7512832736666999,30981,38844,-0.8544834680604173,-0.8546161056849315,342.3,405.404,-0.9021352673189638,-0.7513714863875744,268.253,317.705,-0.9021292913195149,-0.7513957158915487
195,3834,20210728,35354,42806,-1.0028305683863796,-0.7516473278968552,30981,38844,-0.8344626604265691,-0.8779456303800077,342.3,406.941,-0.8344003723946453,-0.7919314376767184,268.253,318.91,-0.8343945749323857,-0.7919567841901514
196,3833,20210729,35354,42806,-1.0048403562841723,-0.7524881868778461,30981,38844,-0.8337802609588096,-0.8880207465394281,342.3,406.941,-0.8228500851360825,-0.8149831577838516,268.253,318.91,-0.8228438058328538,-0.8150044861121217
197,5201,20210730,35354,42806,-0.9677291138080094,-0.7772275943235329,30981,38844,-0.8164159390680366,-0.887910301725384,342.3,406.941,-0.8186016118607845,-0.8139821494071424,268.253,318.91,-0.8185885726209521,-0.8140016615604062
198,5486,20210731,35354,42806,-0.8794768569917923,-1.0453929440917538,30981,38844,-0.7332439198834464,-1.187325944938915,342.3,406.941,-0.7126226109171024,-1.1500247830177952,268.253,318.91,-0.7126137662759437,-1.1500311336943803
199,4516,20210801,35354,42806,-0.8809937430109694,-1.0557005155086965,30055,38844,-0.7931819629975246,-1.0597327059019261,342.3,601.024,2.597513813767584,6.434825553106265,268.253,332.836,-0.7254955051922526,-0.4280819886559355
200,5591,20210802,35354,42806,-0.7231638161870896,-1.2055446326469845,30055,38844,-0.6447128738953085,-1.1639564661710216,342.3,677.008,1.92188637416641,2.30651640287042,268.253,374.915,0.6919044065297878,1.0418347295534023
201,4495,20210803,35354,42806,-0.7002186611121824,-1.1963035802283826,30055,38844,-0.5527891359577288,-1.1565841241164099,342.3,696.962,1.3710697342733589,0.19379304531441655,268.253,385.965,0.8160339206227235,0.17156920890556027
202,4526,20210804,35354,42794,-0.6851678931694811,-1.1735065638600082,30055,38844,-0.5007934104262464,-1.1291241286272182,342.3,702.568,0.9515583004177769,-0.8891945865297526,268.253,389.07,0.624846767595605,-0.655546344570781
203,4637,20210805,35354,42794,-0.6074740780590313,-1.1722778895434534,30055,38844,-0.43115586370620157,-1.1331916196862126,342.3,702.568,0.6038264896152508,-1.479875594800514,268.253,389.07,0.3599193984017902,-1.1731237895650406
204,3438,20210806,35354,42794,-0.42738895837038104,-1.2514066206162608,30055,38844,-0.29773718593448917,-1.225235836214481,342.3,702.568,0.2956055190012626,-1.776703337985914,268.253,389.07,0.07706307618185904,-1.384107341491383
205,4066,20210807,33128,42794,-0.6806909480178784,-0.7116029092002187,29690,38844,-0.387155482569072,-1.1300191524495604,342.3,702.568,0.0495467837948076,-1.8311144595793853,268.253,389.07,-0.05041291262414799,-1.210796614280046
206,4845,20210808,33128,42794,-0.6962472497239867,-0.7984039461176273,29690,38844,-0.39322332721565434,-1.241929921991811,351.098,702.568,-0.16555649506553982,-1.7676904510565086,275.148,389.07,0.02957418818033913,-1.1577460155668553
207,4897,20210809,33128,42794,-0.7288762894543032,-0.6939061895618286,29690,38844,-0.32753416247964884,-1.1384690263408646,351.098,702.568,-0.4598587961578746,-1.5646076870281942,275.148,389.07,-0.2552081153442011,-1.1021959788182532
208,5975,20210810,33128,41965,-0.8549558054539372,-0.6305938135479057,29690,38637,-0.41932496908777644,-1.0626030031784044,351.098,706.92,-0.7722362993385937,-1.133302652231779,275.148,391.48,-0.49379039256953716,-0.974772868840803
209,5950,20210811,33128,42443,-0.7846975038505767,-0.661212827245099,29690,38131,-0.5758436689482661,-1.0502304979328323,351.098,712.727,-1.1416651653853964,-0.3335269730368031,275.148,394.696,-0.7477271114311719,-0.6683247595194239
210,5481,20210812,33128,42672,-0.7179684181284374,-0.6858480067787363,29690,37051,-0.7232483853806259,-1.07608184516682,351.098,717.412,-1.6298459064758488,1.2436822266842054,275.148,397.29,-1.0570351165113532,-0.01913603545837672
211,5364,20210813,33128,42672,-0.7013747137087044,-0.7424642095708198,29690,36722,-0.7660855398441553,-1.0641310439537544,351.098,717.412,-2.423030308911666,5.221410925970412,275.148,397.29,-1.506403291650399,1.4541595715119549
212,3483,20210814,33128,42672,-0.8042673020010014,-0.48835545611943276,29690,36722,-0.8586678946201459,-0.812600426521795,601.024,717.412,-0.9331674455481616,-0.6012934883600347,332.836,397.29,-0.9331596509477191,-0.6013089762361963
213,4420,20210815,33128,42672,-0.7921278605598359,-0.6309826002206131,29690,36722,-0.8528870771206197,-0.7453674436775328,602.417,717.412,-0.8896113971693966,-0.5986253001179738,333.608,397.29,-0.8895997628597951,-0.5986520344483797
214,4393,20210816,33128,42672,-0.8700740774437306,-0.6233073574636352,29690,36997,-0.8560440013284373,-0.7858868065869653,602.417,717.412,-0.9535864993442726,-0.5865781914704513,333.608,397.29,-0.9535753383000537,-0.5866047870061979
215,4364,20210817,33128,42672,-0.8551483421643024,-0.6681773234826083,29690,37703,-0.7799555453976162,-0.8520139014462469,602.417,735.488,-0.8188085436901663,-0.6740835582710281,333.608,407.3,-0.8188102899040032,-0.6741064982805791
216,4913,20210818,33128,42672,-0.8719824519497866,-0.6755238790709899,29690,37703,-0.7812599586942885,-0.8810115227166122,602.417,735.488,-0.7863958565179682,-0.7509188669480635,333.608,407.3,-0.7864019494784317,-0.7509351729313867
217,5119,20210819,33128,42672,-0.9038984617863239,-0.7006194459654118,29690,37703,-0.7882692369685418,-0.9245347565141313,602.417,735.488,-0.814078350654706,-0.7881294466443198,333.608,407.3,-0.8140826169491155,-0.7881442889952663
218,4736,20210820,33128,42672,-1.050600445659855,-0.5370084274854574,29690,37703,-0.9456851254652922,-0.7706832016400949,602.417,735.488,-0.9407540079689489,-0.6919263560503954,333.608,407.3,-0.9407612612944561,-0.6919330830158819
219,3853,20210821,34240,42672,-1.1718975005226195,0.00710938903046987,30174,37703,-1.0361260770391072,-0.363663044220325,602.417,735.488,-1.1878884505765481,0.20962229548331557,333.608,407.3,-1.187899873121479,0.2096229233240794
220,4656,20210822,34537,42672,-1.0974507913058122,-0.15036251804370337,31054,37703,-0.9075355441888888,-0.7039598926009019,624.018,735.488,-0.9435299731762608,-0.3907251424441007,345.57,407.3,-0.9435523205981207,-0.39071127274079487
221,3983,20210823,34537,42672,-1.193786285622804,-0.05480528633333526,31054,37703,-1.0030339149389782,-0.6283791253053717,624.018,735.488,-1.1074848459594266,-0.19604321793809465,345.57,407.3,-1.1075029331483643,-0.19603122987991872
222,3951,20210824,34537,42672,-1.2122209184462107,-0.04969010856530476,31054,37902,-0.9932465184513771,-0.6602371248482113,624.018,736.267,-1.0876987189029688,-0.2596200891032354,345.57,407.732,-1.087710580830991,-0.25960986900893523
223,4487,20210825,34537,42672,-1.2124678904001156,-0.049267033574018626,31054,38485,-0.9475354682124412,-0.706533909651526,624.018,736.267,-1.0818440948338208,-0.30785850453577135,345.57,407.732,-1.0818562361919295,-0.3078453219489661
224,4788,20210826,34537,42459,-1.2225395024864438,-0.03493857298799874,31054,38485,-0.9556969139983839,-0.7281319577918262,624.018,736.267,-1.0810761139283518,-0.3409562783848372,345.57,407.732,-1.0810863929741965,-0.3409448988096675
225,5328,20210827,34537,42580,-1.2097585532581534,-0.06677764269905184,31054,38485,-0.9987039957895623,-0.712001580344225,624.018,736.267,-1.10918000623961,-0.345483321876209,345.57,407.732,-1.1091852878106698,-0.3454764942174009
226,4682,20210828,34537,42580,-1.400611924577278,0.4998124254305183,31054,38485,-1.140294158666939,-0.2324659485311389,624.018,736.267,-1.3546293328769596,0.4587222544604326,345.57,407.732,-1.3546316325645071,0.45872367256018043
227,3749,20210829,35401,42580,-1.2895109844981238,0.28940335031468134,31548,38485,-1.0540683292270527,-0.4523819902854065,640.554,736.267,-1.180930316936323,0.001842219207032425,354.727,407.732,-1.1809394279086374,0.0018810425731374814
228,4829,20210830,35401,42580,-1.2597835272978022,0.25226826188044926,31548,38485,-1.0647527235534497,-0.44788497242657765,640.554,736.267,-1.22395607995214,0.03697762246752756,354.727,407.732,-1.223961195036926,0.03701028572554632
229,3849,20210831,35401,42580,-1.2587401735543995,0.24708627194229615,31548,38485,-1.0623459582983372,-0.43866060344950686,640.554,736.267,-1.2219276522460056,0.03385283888074264,354.727,407.732,-1.2219322054762556,0.03388442646906675
230,4267,20210901,35401,42580,-1.2852429956535778,0.2744107683799921,31548,38485,-1.0928516051174835,-0.4304442267531856,401.541,736.267,-2.670082770004485,6.257991620778423,353.199,407.732,-0.8738071103704628,-0.8474192342274756
231,3969,20210902,35401,42580,-1.2949367916880539,0.3022115310003186,31548,38485,-1.092713663787857,-0.4378910297348062,401.541,736.267,-1.7575090555754362,1.4909016597607412,353.199,407.732,-0.5510976948716819,-1.4113271914033818
232,5140,20210903,35401,42580,-1.3025145317405205,0.33506980119757745,31548,38485,-1.1006592781644413,-0.44522469401827136,397.361,736.267,-1.214257620749474,-0.29830124027854144,349.522,407.732,-0.2881770750699147,-1.6662581218596517
233,4562,20210904,35401,42580,-1.2888654945124158,0.28016492521802316,31548,38485,-1.0677299110631808,-0.5775326529581979,363.485,736.267,-0.847643678781458,-1.1327913101530787,319.725,407.732,-0.5460470193346796,-1.0087620203205823
234,3883,20210905,36102,42580,-1.1795718980080998,-0.12016342602788566,31540,38485,-1.0685278488215122,-0.5747696652109422,346.326,736.267,-0.5741557250038465,-1.5851413706272093,304.631,407.732,-0.7452921881650402,-0.7212597963266805
235,3843,20210906,36102,42580,-1.176007577600558,-0.1046759666970627,31540,38485,-1.0711257851524287,-0.5776191378129356,346.326,736.267,-0.26927443973062754,-1.8495261631835422,304.631,407.732,-0.4676412753010482,-1.0241758785074473
236,3860,20210907,36102,42580,-1.1747260882553452,-0.11527578266127803,31540,38485,-1.0604301593125047,-0.591464777857996,346.326,735.979,0.013698501738774927,-1.918589823229639,304.631,407.572,-0.29163341654474695,-0.987422658254546
237,3902,20210908,36102,42580,-1.1793778885239297,-0.10818557665431072,31540,38490,-1.0600932974015156,-0.591694795256382,346.326,735.979,0.29687855720411993,-1.8202611543508465,304.631,407.572,-0.15135049609663007,-0.801514609862255
238,3303,20210909,36102,42580,-1.1955359017286074,-0.0795084007002127,31540,38490,-1.0554303333701538,-0.5987713366295697,346.326,735.979,0.5988577819611599,-1.5306471848338286,304.631,407.572,-0.03667330396614314,-0.4628729881755316
239,3720,20210910,36102,42350,-1.2267903350894558,-0.034678714665455246,31540,38737,-1.0223468107566125,-0.6335160260699721,346.326,735.979,0.9388604282782061,-0.970888496641988,304.631,407.572,-0.04372258208835962,0.07775991793807613
240,4008,20210911,36102,42350,-1.3396222170266068,0.2284553659363886,31540,38737,-1.2908262411007205,-0.01303935628362396,346.326,735.979,1.3758169809868301,0.09415734695572064,304.631,407.572,0.17078332072817837,0.43937009390518567
241,3846,20210912,33924,42350,-1.6187643008993633,1.2533989226611029,29916,38737,-1.4457567522258232,0.5302761134009693,340.626,735.979,1.8919972433514964,1.8784656252550889,299.617,407.572,0.062472541878402066,-0.10533411163323292
242,3958,20210913,33924,42350,-1.584736433870623,1.1879275174462114,29916,38737,-1.4141914872079706,0.4826839029341663,340.626,735.979,2.9745427085257274,7.7508820369008316,299.617,407.572,0.07878441877443049,0.6256359478415852
243,3899,20210914,33924,42350,-1.5904769275279698,1.203029551041709,29916,38737,-1.4216514745900828,0.477079179749778,340.626,412.307,-1.237178288188206,0.07682170307965874,299.617,362.668,-1.2371955577699632,0.07687103837599985
244,4841,20210915,33924,42350,-1.5807692732193641,1.1641980410920167,29916,38737,-1.4170221007907229,0.45703094481684614,340.626,412.307,-1.2384781312015636,0.07370302153482466,299.617,362.668,-1.2384951058840465,0.07375158227070067
245,4647,20210916,33924,42354,-1.5695526243906097,1.1363565103365412,29916,38737,-1.411658874294601,0.4554889568934293,340.626,412.307,-1.227051455623743,0.07895262688265126,299.617,362.668,-1.2270650459551644,0.07900057604763466
246,4609,20210917,33924,42354,-1.5657429980399105,1.1197126653229201,29916,38737,-1.4049453846842097,0.45492095418375156,340.626,412.307,-1.2259767199175695,0.07812659178851966,299.617,362.668,-1.2259909937251459,0.07817508158406339
247,3153,20210918,33924,42354,-1.577310265128261,1.1639938737244933,29916,38737,-1.4695270723858262,0.7173840490212959,340.626,412.307,-1.3120581384258712,0.40698875869928,299.617,362.668,-1.3120565137489761,0.40697582715075464
248,6911,20210919,33924,42354,-1.554721466699353,0.8730609759309336,29916,38737,-1.4657250152343622,0.6730614089574543,340.626,412.307,-1.297906479118622,0.4423848552696019,299.617,362.668,-1.2979053793076907,0.44238717745533584
249,6556,20210920,33924,42354,-1.2665666992623419,0.1873318894242053,29916,38737,-1.0034058544630098,-0.6451865726456631,340.626,412.307,-0.9149368014957997,-0.7064759043865623,299.617,362.668,-0.9149378973079099,-0.706462191073884
250,3816,20210921,33924,42354,-1.0092659711492615,-0.2863377743138935,29916,38737,-0.6472052602800363,-1.2977817892983923,340.626,412.307,-0.5715784960772129,-1.303471578803183,299.617,362.668,-0.5715814777319522,-1.303462723090138
251,3133,20210922,33924,42354,-1.026410453816256,-0.24734157308418103,29916,38737,-0.6586265128930714,-1.2884853875874671,340.626,412.307,-0.5697153815596284,-1.2636224517036987,299.617,362.668,-0.5697149904840221,-1.263613234328867
252,4457,20210923,33924,42354,-1.0325385277170265,-0.20402357611005284,29916,38737,-0.6606339696512661,-1.2865721990331676,340.626,412.307,-0.5922765218275625,-1.252131194075949,299.617,362.668,-0.5922827176561027,-1.2521226581248326
253,5348,20210924,33924,42354,-1.0258432021400308,-0.21556510538519102,29916,38318,-0.6906886280342948,-1.2756260742497016,340.626,403.436,-0.6716197948580362,-1.2552720003391091,299.617,354.866,-0.6716162633210616,-1.2552599464125398
254,3209,20210925,33924,42354,-0.9131969884507182,-0.3698610764453343,29916,38318,-0.4869360062869941,-1.463524539776532,340.626,403.436,-0.4729892342086165,-1.388722975725923,299.617,354.866,-0.47299260522369513,-1.3887027038817041
255,4395,20210926,34442,42354,-0.8431991756390532,-0.5306685404050895,31219,38318,-0.40905078171300324,-1.6217418734462163,347.777,403.436,-0.4050866141045126,-1.5258604863963203,305.907,354.866,-0.4050851146270038,-1.525854268328196
256,5268,20210927,34442,42354,-0.8750454533102945,-0.5486875403522062,31219,38318,-0.4264911310218959,-1.6300792729237037,347.777,403.436,-0.44037357343862843,-1.5283178426020139,305.907,354.866,-0.4403658321247789,-1.528311866732728
257,4843,20210928,34442,42354,-0.8677211692992064,-0.5618049672332206,31219,38318,-0.419936806451354,-1.6130423277207175,347.777,403.436,-0.45034047249641446,-1.510674154142331,305.907,354.866,-0.4503344205335232,-1.5106701271505742
258,5212,20210929,34442,42354,-0.8748657629054157,-0.5486613045912243,31219,38061,-0.4369361074417404,-1.6054140003227606,347.777,403.436,-0.4669324155071444,-1.4964508091759643,305.907,354.866,-0.46692611245466764,-1.496442798337557
259,3175,20210930,34442,42445,-0.8696963426035798,-0.5544144156861583,31219,38061,-0.43640964441130764,-1.6004807586075336,347.777,403.436,-0.46811176167746277,-1.4939903036203812,305.907,354.866,-0.46810283898098914,-1.4939873628481708
260,5235,20211001,34442,42445,-0.8463513551517425,-0.5024919237306205,31219,38061,-0.4363541614424507,-1.5974810316477548,347.777,420.382,-0.2023776775942122,-1.2783907147271718,305.907,355.153,-0.44197038184181364,-1.5001683486745077
261,3317,20211002,34442,42445,-0.8947653698092454,-0.396728344586899,31219,38061,-0.4272987608429641,-1.610936240052305,347.777,420.382,-0.3820413026073759,-1.181169973882624,305.907,355.153,-0.4916885148096588,-1.439353766636178
262,3756,20211003,34310,42445,-0.9092787308658659,-0.36330071318436685,30993,38061,-0.43786408806027427,-1.593723423877522,347.777,420.382,-0.4157771982573805,-0.9592315451093656,305.907,355.153,-0.48919872083438415,-1.4368903073435983
263,2670,20211004,34310,42445,-1.150798324487547,0.04343606245212861,30993,38061,-0.7542062630898229,-1.1713639193824896,347.777,420.382,-0.5893664394946982,-0.5309174713540497,305.907,355.153,-0.8113163967904605,-0.9369742235573795
264,2327,20211005,34310,42445,-1.3923262606142277,0.6346630193428755,30993,38061,-1.1315319602896623,-0.3575984052790604,347.777,424.401,-0.6157807954775026,0.016595605224144716,305.907,358.549,-1.126803929593306,-0.06676342772565658
265,1629,20211006,34310,42445,-1.3183555761688688,0.5570565131378431,30993,38061,-1.1416840459640125,-0.34225280989001217,347.777,425.601,-0.5846175868422212,-0.27213752878594644,305.907,359.563,-1.086291297319989,-0.16195824670153902
266,1854,20211007,34310,42445,-1.1937747187659424,0.3769207169575024,30993,37738,-1.1596794721864572,-0.3221992208364366,347.777,428.062,-0.5267998283691611,-0.5186617624298004,305.907,361.642,-1.0173046051547612,-0.24240177136637397
267,5140,20211008,34310,42445,-1.1371518081228928,0.391166658132887,30993,37703,-1.1641301145145908,-0.3156092159099826,347.777,428.062,-0.5574286379685924,-0.6874933137545911,305.907,361.642,-0.9783263232510815,-0.3177214308719556
268,3642,20211009,34310,42445,-1.0871691000847807,0.2707158121474209,30993,37703,-1.1397408209465085,-0.3958552948665983,347.777,428.062,-0.7385752796860611,-0.11831294420798777,305.907,361.642,-1.0839548019279186,0.012647859409576245
269,2614,20211010,34310,42445,-1.090494225653703,0.27526321305622936,30914,37703,-1.1669826907951573,-0.3161208458683027,367.535,428.062,-0.27788794515761334,-1.074227292817451,310.506,361.642,-0.9868916200361753,-0.217587069172823
270,2384,20211011,33434,42445,-0.8270456194039346,-0.5634669712255862,30820,37703,-0.7927794324290081,-1.140995076654872,364.966,428.062,-0.3086438575771458,-1.23488466235683,308.336,361.642,-0.7473769305957199,-0.9535271688898574
271,2572,20211012,33434,42445,-0.767386061250611,-0.5375484519844256,30820,37703,-0.7546192005933602,-1.1519901051258727,364.966,428.062,-0.42806781827473533,-1.172663166066141,308.336,361.642,-0.7198541228305292,-0.9668393269427966
272,2884,20211013,33434,42445,-0.7003516763593411,-0.5049548876713068,30820,37703,-0.668197585342887,-1.1828869317631854,364.966,428.062,-0.5569516849001929,-1.0774832457501398,308.336,361.642,-0.699863638856086,-0.9740446165633787
273,2808,20211014,33434,41261,-0.8416698972707727,-0.4971293603434104,30820,37703,-0.5469245947012885,-1.2141430002743594,364.966,428.062,-0.6281348860350985,-1.0027888169301022,308.336,361.642,-0.628139544085496,-1.0027901185139112
274,5663,20211015,33434,41261,-0.8624590205397571,-0.4066178916325396,30820,37703,-0.5341826265466563,-1.1776651367842652,364.966,428.062,-0.5816327782346623,-0.9618555879761477,308.336,361.642,-0.5816414767244809,-0.9618609072136337
275,6547,20211016,33434,41261,-0.8039157973074588,-0.4470680282573545,30820,37703,-0.45988570761033976,-1.3500052703519028,364.966,428.062,-0.4889578105269604,-1.2034907097426724,308.336,361.642,-0.48896888861937204,-1.2034934067748706
276,5902,20211017,33434,41261,-0.8269659251976312,-0.45470718783088415,27308,37703,-0.8962400796940064,-0.2375309363124818,326.655,428.062,-1.126194608490077,0.5112714735077084,275.97,361.642,-1.1261774880806532,0.5111965462541712
277,5502,20211018,33434,40361,-0.9805210402884028,-0.3548685547667527,27308,37703,-0.649300274569186,-0.5301208620647571,326.655,428.062,-0.7657580879329973,-0.31562142521466674,275.97,361.642,-0.7657377617854866,-0.3157033347823597
278,5030,20211019,33434,39916,-1.0877488957739676,-0.23754774982176796,27308,37703,-0.49719943806166345,-0.5093189589250668,326.655,428.062,-0.5526634777686468,-0.45846084145320143,275.97,361.642,-0.5526497635211474,-0.45852125931825105
279,6040,20211020,33434,39454,-1.1861516956407856,-0.1296905366277099,27308,37703,-0.4253409264542328,-0.2872063842037442,326.655,428.062,-0.4328965937729273,-0.31966940325971827,275.97,361.642,-0.4328749205898957,-0.3197508786167851
280,3899,20211021,33434,39454,-1.2244975121831592,-0.08550640789634256,27308,37600,-0.4278843621466816,0.050953444400453574,326.655,426.954,-0.4108590387709877,-0.059660824250319155,275.97,360.705,-0.41084830493984964,-0.059749458880110407
281,4684,20211022,33434,39149,-0.9404800395588698,-0.7936256129544295,27308,36341,-0.4994443635034536,0.17971743046728994,326.655,408.713,-0.48397472926353297,-0.06436072257636649,275.97,345.295,-0.48392751002091766,-0.06449290032255517
282,5049,20211023,33201,39149,-0.6302643535215791,-1.3304438633115137,27308,36341,-0.3012725845028166,-0.5657849286046113,326.655,408.713,-0.2505879998903075,-0.630693735410782,275.97,345.295,-0.25054049954122887,-0.6307573896758458
283,4043,20211024,31984,39149,-0.72061272599006,-1.143217029496176,26935,36341,-0.39186728913557384,-0.8303011892428791,316.464,408.713,-0.37164406759992386,-0.8104475703633458,267.36,345.295,-0.37161543559093785,-0.8104684891824077
284,3471,20211025,31984,39149,-0.8971202079074552,-0.651784734998003,26935,36341,-0.4572223648241315,-0.7346002101686713,316.464,408.713,-0.29844235827219,-0.9234678723721252,267.36,345.295,-0.29841281777110273,-0.9234886302327299
285,3915,20211026,31984,39149,-0.7243037997131606,-0.7987298352580865,26935,36341,-0.4650221769246981,-0.5209198884935398,316.464,408.713,-0.2409047347311666,-0.6933637866062905,267.36,345.295,-0.2408636409373397,-0.6933772330849992
286,6817,20211027,31984,39149,-0.60567080845148,-0.8345707289245996,26935,36341,-0.4675096832407039,-0.25018552197845034,316.464,408.426,-0.28205436931386146,-0.3722032505798256,267.36,345.053,-0.2819967212912584,-0.3721978135109776
287,5412,20211028,31984,39149,-0.5985281583243439,-0.8996503421073871,26935,36341,-0.4392989454604131,0.08541049663277,316.464,408.426,-0.3750521516170937,0.05540340424374168,267.36,345.053,-0.37499311296141596,0.05544061178428805
288,3806,20211029,31984,38850,-0.5949359739745693,-0.790046620687912,26935,33294,-1.205366068901214,-0.032520346347231666,316.464,379.511,-1.094547048257397,0.0033170875424821666,267.36,320.623,-1.0945270826031754,0.0033128375741227067
289,4487,20211030,31941,38850,-0.38150006910898626,-1.128229363781186,26935,33294,-0.8132106666339282,-0.9185140004836088,316.464,379.511,-0.7955623992043376,-0.6415441174282561,267.36,320.623,-0.7955390748727725,-0.641554171048861
290,3357,20211031,31688,38850,-0.4099588583129673,-1.2414868701910107,26935,33294,-0.8192986198093589,-0.9083892640590725,315.892,379.511,-0.8763938077682161,-0.5466955107043776,266.877,320.623,-0.8763711372755486,-0.5467150102610079
291,2949,20211101,31688,38850,-0.2430895330824993,-1.2005534356280594,26935,33294,-0.8020673123268256,-0.9043685239993273,315.892,381.004,-0.842177705770482,-0.6361704644618866,266.877,320.623,-0.9073574063957791,-0.5551475152861891
292,4206,20211102,31688,38850,-0.07714713715777995,-1.0499176312282246,26935,33294,-0.8116020313677571,-0.8652245564184629,315.892,389.852,-0.6760909317337241,-0.7071586292629952,266.877,320.623,-0.8835113464690516,-0.5812673985292864
293,3767,20211103,31688,38850,-0.07794801395697235,-0.8356912634913991,26935,32810,-0.9141303886924239,-0.8265388015121937,315.892,394.276,-0.5134450434924374,-0.757557025023122,266.877,322.377,-0.8559999069342333,-0.5925125642460203
294,2818,20211104,31688,38642,-0.28293282254500474,-0.7181558913764228,26935,32450,-0.9498973481968008,-0.8135644699849487,315.892,398.277,-0.3735240045939138,-0.8707824250161589,266.877,325.649,-0.7490740792192616,-0.6473492413918969
295,5471,20211105,31688,38642,-0.36465281637821495,-0.7678307830418842,26935,33302,-0.8715002876249274,-0.8440407396769625,315.892,402.597,-0.3674655765978465,-1.01186332088087,266.877,329.181,-0.677248501191336,-0.7582030442117675
296,2584,20211106,31688,38642,-0.5805838330971825,-0.3655704997636411,26935,33302,-1.0243845358972445,-0.41223399295312646,315.892,402.597,-0.6486895050898375,-0.6145309281173694,266.877,329.181,-0.9551372151872897,-0.19915275787139786
297,5417,20211107,30861,38642,-0.7278170792254098,-0.2381776841800023,27201,33302,-0.9589990962063537,-0.4654470223998812,315.892,402.597,-0.6257477364802011,-0.16212540168083,266.877,329.181,-0.9251806514850967,0.21528791872274056
298,3914,20211108,30861,38642,-0.7609262048971625,-0.29603514299301326,27201,33302,-0.919179168470427,-0.4907204732650632,315.892,402.597,-0.8616049895485416,0.16892087114323884,266.877,329.181,-1.092449142144829,0.495118195805615
299,3686,20211109,30861,38642,-0.597322809590704,-0.47854471765270423,27201,33302,-0.7521363331067742,-0.6259906542882656,315.892,402.597,-0.8807571321948502,0.1910615981932562,266.877,329.181,-0.995746408685554,0.3826434510337977
300,3857,20211110,30861,38642,-0.38329599423245314,-0.6183555568378272,27201,33302,-0.5848647798061634,-0.6879899294348353,315.892,402.597,-0.9029991128031067,0.2179366822684723,266.877,329.181,-0.9051467129508125,0.30162336531224554
301,4318,20211111,30861,36669,-0.6621089601557785,-0.771369842633943,27201,33302,-0.4353996545192279,-0.6950532700454826,315.892,402.597,-0.9594126901946276,0.302984936877134,266.877,329.181,-0.8407753754770452,0.2403206472186139
302,5117,20211112,30861,36624,-0.6106798198702226,-0.6914668887226734,27201,33302,-0.28143991363696985,-0.750834136128343,315.892,402.597,-1.0992570449894778,0.5913413484706789,266.877,329.181,-0.8526844918092679,0.2562926994632586
303,4827,20211113,30861,36624,-0.6186348488948407,-0.5737469824540558,27201,33302,-0.37962453452670786,-0.7428202226003147,315.892,402.597,-1.1671512877300265,1.1498859021906052,266.877,329.181,-0.855124963725084,0.28449411194313523
304,3571,20211114,30861,36624,-0.7099513404769479,-0.5048831304348429,26067,33302,-0.6382746554112555,-0.2885582361008274,323.675,402.597,-0.9368354232156871,0.49931924591112464,264.651,329.181,-0.9368091558197014,0.4992234373392508
305,3899,20211115,30861,36624,-0.635386458275921,-0.5354886912095314,26067,33302,-0.5852251548670943,-0.216584354625867,323.675,402.597,-0.8076756996331045,0.3545028134366963,264.651,329.181,-0.8076615187067441,0.35442613572479464
306,3859,20211116,30861,36624,-0.6601332658119181,-0.5439274424870191,26067,33302,-0.5741704322062724,-0.12250571939761201,323.675,402.597,-0.8073307194233738,0.45066085795295807,264.651,329.181,-0.807316088499634,0.45057701236683556
307,3466,20211117,30861,36624,-0.7047484199493618,-0.4167055721270194,26067,33302,-0.5917246249658025,0.007144854513596144,323.675,402.597,-0.8504005433024251,0.6171346088008156,264.651,329.181,-0.8503804338423833,0.6170482127139789
308,5704,20211118,30861,36624,-0.7381103006245242,-0.23691606667910925,26067,33302,-0.6697288267651409,0.2649879293986497,323.675,402.597,-0.9998341141343331,0.9574018082574534,264.651,329.181,-0.9998164848535785,0.9572895500779324
309,4094,20211119,30861,37044,-0.5186037854564567,-0.28883472168257907,26067,31451,-1.2518122390057953,0.48099233572347266,323.675,386.959,-1.4562162743140066,1.4170396630415345,264.651,316.394,-1.4562047148941495,1.4169196315705
310,4098,20211120,30861,37044,-0.23099350093328422,-0.5886890844417514,26067,31451,-0.989790498809703,-0.21347093360442182,323.675,386.959,-1.22183947819701,0.9095709755974695,264.651,316.394,-1.2218116260644392,0.9094135989460783
311,6608,20211121,30894,37044,-0.14345703676072413,-0.6223478472219823,26067,31451,-0.9047494048699564,-0.5947230731504449,323.675,386.959,-1.0862218673376136,0.1759860315312296,264.651,316.394,-1.086216276696506,0.17596072772415727
312,4036,20211122,30894,37044,-0.07970448462455915,-0.6088781859364714,26067,31451,-0.8991317035811918,-0.5483536899072892,323.675,386.959,-1.0649357138445528,0.22952493281208186,264.651,316.394,-1.064929866459209,0.22949803968956317
313,3858,20211123,30894,37044,-0.09015611778056341,-0.6103934100863149,26067,31451,-0.8963758078020725,-0.5492884424073554,323.675,386.959,-1.0575049965689258,0.22571330715083615,264.651,316.394,-1.0574956533596354,0.22568405473674602
314,3937,20211124,30894,37044,-0.15187728796885855,-0.5990399302078657,26067,31451,-0.9203018994457488,-0.5437305502784726,323.675,386.959,-1.0707049420625094,0.22535116859882054,264.651,316.394,-1.0706961920618974,0.22532001075608932
315,4089,20211125,30894,37044,-0.22290363107274017,-0.6180870741735887,26067,31451,-0.9454119438295198,-0.5503932779396314,323.675,386.959,-1.0926443002790573,0.21245672204669397,264.651,316.394,-1.0926278718256803,0.2124251230973635
316,3727,20211126,30894,37044,-0.2227848038932975,-0.6180964189862688,26067,31451,-0.9683548319098559,-0.5299398159832562,323.675,386.959,-1.102933708689498,0.21144008145990023,264.651,316.394,-1.102921139594588,0.21141032055128406
317,3435,20211127,30894,37044,-0.24705110434527575,-0.7974047185920514,26067,31451,-0.9927699080214745,-0.4023923773096323,323.675,386.959,-1.0974011705213351,0.18697333059424937,264.651,316.394,-1.0973978995867995,0.18698421054413306
318,2773,20211128,30156,37044,-0.39958727014028383,-0.5973169218231185,26721,31451,-0.8621021511466451,-0.8049484242812168,331.508,386.959,-0.9104391249082431,-0.38054732147039294,271.056,316.394,-0.9104172257104756,-0.3805950342106441
319,4007,20211129,30156,37044,-0.3551833063153681,-0.6161380728161698,26721,31451,-0.8631986637908331,-0.8238486937895617,331.508,386.959,-0.9651868851133774,-0.3243437176419879,271.056,316.394,-0.9651633801328428,-0.32439986386699493
320,4556,20211130,30156,37044,-0.3068957940786769,-0.5601095966738634,26721,31451,-0.8562099814825315,-0.7933874252388162,331.508,386.959,-0.981305514372973,-0.2641208922239753,271.056,316.394,-0.9812848712110186,-0.2641725502268635
321,3821,20211201,30156,37044,-0.2445434915852866,-0.4497177359881994,26721,31340,-0.8362105344528574,-0.769362632071668,331.508,386.256,-1.0166836444236282,-0.15419683532652995,251.628,315.819,-1.164842819019679,0.34366189749297327
322,4966,20211202,30156,37044,-0.16922331085635925,-0.39615247670913734,26721,31340,-0.8651210338281542,-0.7034557586025789,331.508,386.256,-1.0954292458719304,-0.013237678542818099,251.628,315.819,-0.8858102343526978,-0.5890255497293038
323,4418,20211203,30156,36938,-0.42704605710743804,-0.09127468810167993,26721,31077,-0.9097504087994559,-0.6575390372563756,331.508,377.769,-1.2818113745152813,0.1633554752891433,251.628,308.88,-0.6366956183726477,-1.186903571860832
324,3620,20211204,30156,36938,-0.3823980133403326,-0.3902464257245559,26721,31077,-0.8293858480581816,-0.9880765098161959,331.508,377.769,-1.0478437995453511,-0.5502676380091192,234.787,308.88,-0.5300259537995751,-1.2473134935373043
325,3792,20211205,29808,36938,-0.5464324581357152,-0.4340557967763772,26188,31077,-0.9127347846598446,-0.8005591564064964,328.41,377.769,-1.122814060070181,-0.3738448827101051,223.112,308.88,-0.5208837343025517,-1.262027313784404
326,2841,20211206,29808,34715,-1.0742451468976288,-0.5084839218098174,26188,31077,-0.9100522236053024,-0.7962820755784197,328.41,377.769,-1.0970252924508073,-0.3873894547260073,223.112,308.88,-0.2347605948055034,-1.4679803442220334
327,4244,20211207,29808,34715,-0.9846731007399376,-0.5906513776247806,26188,31077,-0.9113457044861163,-0.7978880990353363,328.41,377.769,-1.0880174255031783,-0.4144875758962754,223.112,308.88,0.014527246160822136,-1.440555114104006
328,3256,20211208,29808,34715,-0.9769307972424068,-0.6047962351082505,26188,31077,-0.9121125386674572,-0.7898411306690747,328.41,377.769,-1.0784191234550395,-0.4303557036774506,223.112,308.88,0.2593576678173755,-1.2313142908993102
329,3531,20211209,29808,34641,-1.0019165931958516,-0.5657399533792469,26188,31077,-0.9035903390980315,-0.7949844862764492,328.41,382.651,-1.023475616395659,-0.47063757191539723,223.112,308.729,0.4691312297144689,-0.7989762200176802
330,3273,20211210,29808,34641,-0.9996060877365318,-0.5529803919344061,26188,31077,-0.9067349413677172,-0.8034977499550493,328.41,382.651,-0.9947157128447136,-0.5100245298912505,223.112,308.729,0.6764101382738893,-0.05605854495626739
331,4515,20211211,29808,34641,-0.9631595965269033,-0.6855834606411504,26188,31077,-0.9197030556286154,-0.7628156276406579,328.41,382.651,-1.0669642963959212,-0.29303441551669396,223.112,308.729,0.9859143376439712,0.5001438818075337
332,4083,20211212,29808,34641,-0.9477937946692446,-0.6735983220767756,26188,31077,-0.9531635308721302,-0.7030482101901963,328.41,382.651,-1.0791821509185155,-0.2689419011635894,223.112,308.729,1.034641037624042,0.5429679959947462
333,3050,20211213,29808,34641,-0.9545461994509742,-0.6893803833776246,26188,30863,-1.0138163326257246,-0.6562752948051269,328.41,382.651,-1.038885343650791,-0.29289027341821017,223.112,308.729,1.3428357768840296,2.7975759374712847
334,2686,20211214,29808,34641,-0.9516966595601523,-0.6645387885933274,26188,30863,-0.993371293662029,-0.675371303901644,328.41,382.651,-1.0154720301615798,-0.3268093760100963,223.112,259.962,-1.0154599030195928,-0.3268169978561368
335,2864,20211215,29808,34641,-0.9448940841490456,-0.6378005330625065,26188,30992,-0.9746790460450798,-0.709578972924648,328.41,383.911,-0.9862911159483566,-0.40765222962352654,223.112,260.818,-0.9862856863884722,-0.40765800401474506
336,6616,20211216,29808,34641,-0.9427082681557195,-0.6347604703010377,26188,31020,-0.954347924609578,-0.7443884139579122,328.41,384.426,-0.9662623122216705,-0.4762669745288761,223.112,261.167,-0.9662637921305967,-0.476264580213305
337,4279,20211217,29808,36586,-0.3536901207925675,-0.38482095723907683,26188,31020,-0.9812086548364862,-0.7211480645166848,328.41,384.426,-0.9932229542104701,-0.47293735095880596,223.112,261.167,-0.9932353255930032,-0.4729315628610129
338,3428,20211218,29808,36586,-0.34388210399441244,-0.47708420397805895,26188,31020,-0.9729152970430738,-0.758739334599146,328.41,384.426,-0.9619645638469102,-0.5983095026187928,223.112,261.167,-0.9619788973421639,-0.59829277502467
339,2642,20211219,29514,36586,-0.4193909706831281,-0.3722951592119368,26086,31020,-0.9818267089001506,-0.7340878986024486,324.55,384.426,-1.0104171594178264,-0.4597676065984153,220.49,261.167,-1.0104217356816994,-0.45978006249157
340,2862,20211220,29514,36586,-0.3215411184643739,-0.3520800822035337,26086,31020,-0.9888093270890382,-0.7338978239434808,324.55,384.426,-1.018108146230053,-0.45063332296601244,220.49,261.167,-1.0181141461239078,-0.4506438014173808
341,3057,20211221,29514,36586,-0.3776866960044999,-0.3509087930806678,26086,31020,-0.9924678159451658,-0.7437636449228222,324.55,384.426,-1.0163905708855852,-0.47001396700851084,220.49,261.167,-1.0163913766456356,-0.4700274535610074
342,2423,20211222,29514,36586,-0.34134224951333947,-0.23576092064705767,26086,31020,-0.9978360096470175,-0.7511885915348655,324.55,384.426,-1.0173684151804614,-0.48183376895191943,220.49,261.167,-1.0173703110802215,-0.48185256666143905
343,3191,20211223,29514,36586,-0.28353426732737685,-0.1543794776637153,26086,31020,-0.9904742395758149,-0.758111429456855,324.55,384.426,-1.022234721723892,-0.4732838728595188,220.49,261.167,-1.022234455945952,-0.4733074461867153
344,3035,20211224,29514,36586,-0.23147281609327983,-0.08618490528299594,26086,31020,-0.9808477018368076,-0.7611645977734485,324.55,384.426,-1.023137616657518,-0.4708076176187048,220.49,261.167,-1.0231373569461337,-0.47083055082599934
345,3429,20211225,29514,36586,-0.2639956144673778,-0.2878006538238731,26086,31020,-0.9286662611984374,-0.9222386810684498,324.55,384.426,-0.9803629065585832,-0.589838240585141,220.49,261.167,-0.9803687926205987,-0.5898440044964279
346,3767,20211226,29514,36586,-0.31070433168057926,-0.42281067138049444,26086,31020,-0.9144503283130656,-0.9514219051899349,324.55,384.426,-0.982480095067875,-0.5868388374023938,220.49,261.167,-0.9824856600800127,-0.5868440354534901
347,3252,20211227,29514,36586,-0.30130357221253457,-0.3748455211569919,26086,31020,-0.9168082027997444,-0.9505327294939474,324.55,384.426,-0.9951738738580285,-0.5716529636570358,220.49,261.167,-0.995169449877216,-0.5716695117605082
348,2807,20211228,29514,36586,-0.2499445267648486,-0.3212311667486394,26086,31020,-0.8900025070284286,-0.9544433159817016,324.55,384.426,-0.9835523151036284,-0.5552929075463413,220.49,261.167,-0.9835424565924088,-0.555309869974224
349,4376,20211229,29514,36586,-0.15072666191844594,-0.2688641449353173,26086,31020,-0.8791057634510491,-0.9417759920124391,324.55,384.426,-0.9962434310235644,-0.5090354922653422,220.49,261.167,-0.9962350942558699,-0.5090517254151896
350,3927,20211230,29514,36586,-0.11243276653338664,-0.18763955583156333,26086,31017,-0.7937065230373247,-1.0057212766822357,324.55,381.327,-0.9674089096155999,-0.49807795358641416,220.49,259.063,-0.9673776572327673,-0.4981079677811233
351,3346,20211231,29514,34054,-0.6138705083729895,-1.3104906397020955,26086,31017,-0.4808745222151357,-1.501945235273455,324.55,381.327,-0.6129462291588887,-1.1763756141219426,220.49,259.063,-0.6129211413253058,-1.1763854931779456
352,3641,20220101,29007,34054,-0.6049805296444736,-1.3677157388347363,25661,31017,-0.5282135765606065,-1.440353940128415,324.55,381.327,-0.5820387391146234,-1.322086150014574,212.867,259.063,-0.7207515554523456,-1.009813470532056
353,3184,20220102,29007,34054,-0.6034909519126309,-1.3691685871612775,25661,31017,-0.536232735284941,-1.4293167326708,325.723,381.327,-0.5724004708027335,-1.3419514152262004,210.396,259.063,-0.8091960150279057,-0.8515083136107506
354,2620,20220103,29007,34054,-0.6097300447136348,-1.3716472979169794,25661,31017,-0.5288733196442741,-1.41611657249237,325.723,381.327,-0.5739280702313567,-1.342050700300071,210.396,259.063,-0.6728860733018648,-0.9674400009342445
355,2512,20220104,29007,34054,-0.597291302167855,-1.3537178692870182,25661,31017,-0.5423990887029124,-1.4062604135909007,325.723,382.67,-0.5625695075621352,-1.3424997672704764,210.396,259.063,-0.6697505184664575,-0.8985641273504821
356,3209,20220105,29007,34054,-0.6057991672855002,-1.3292213254528091,25661,31017,-0.5581701813876307,-1.4018025444647877,325.723,387.567,-0.5012646191137721,-1.334187142272135,210.396,259.063,-0.701486787531058,-0.8324100704219366
357,3010,20220106,29007,34054,-0.6045527207477991,-1.3307757451508646,25661,30449,-0.6139666177611139,-1.4085176597397913,325.723,387.567,-0.4725348853538972,-1.3392965815286944,210.396,258.45,-0.7697033234725755,-0.7539080776921954
358,3147,20220107,29007,34054,-0.5986662743903787,-1.315405871876892,25661,30449,-0.6143933770349278,-1.402633929825365,325.723,387.567,-0.4597448530532044,-1.3499103556566763,210.396,253.838,-0.8682314118354542,-0.6745341643587617
359,3158,20220108,29007,34054,-0.6137465497702205,-1.2736913660508276,25661,30449,-0.6214752554239995,-1.3876159340651104,325.723,387.567,-0.537288084178127,-1.2416426388278727,210.396,253.838,-0.7549146553051627,-0.8775313678646599
360,2491,20220109,29007,34054,-0.6094938801077968,-1.3051879306341427,25661,30449,-0.6211035085872226,-1.3889439965649488,325.723,387.567,-0.5341465472122593,-1.1839334965272021,210.396,253.838,-0.7155686751687534,-1.0439700024136154
361,2414,20220110,29007,33485,-0.6727405956765887,-1.2961716962880143,25661,30449,-0.6234663107574563,-1.3871827211025014,325.723,387.567,-0.5735683929348973,-1.1975887744682188,210.396,253.838,-0.6847461140834601,-1.0162610617353454
362,2220,20220111,29007,33485,-0.6737152222456227,-1.2851518645532425,25661,30464,-0.6130731127680623,-1.3976219444275542,325.723,387.567,-0.5691124520676922,-1.2429480738954495,210.396,253.682,-0.724368359124248,-0.9881937153571325
363,2475,20220112,29007,33485,-0.6534706529686276,-1.2848379379523287,25661,30464,-0.6153428951290906,-1.4048330056951812,325.723,388.636,-0.5658827264618564,-1.286847722911889,210.396,251.034,-0.7587251992433975,-0.976742752799729
364,2681,20220113,29007,33485,-0.6660227543222752,-1.2611502703748994,25661,30464,-0.6825653245646265,-1.3898465005053249,325.723,388.636,-0.6567287876918803,-1.276710809463027,210.396,251.034,-0.745042578099699,-0.9972417726307956
365,2293,20220114,29007,33485,-0.9673816188284056,-0.7637732290831956,25661,30464,-1.040326307728226,-0.7278841040719,325.723,388.636,-1.0209666141620342,-0.5811660145397379,210.396,251.034,-1.0209352235894946,-0.5812334817309233
366,3429,20220115,29556,33485,-0.8971407684281508,-0.9293778356821751,25915,30464,-1.1148214929930436,-0.42728286221079514,325.723,388.636,-1.264123270271509,0.3631534910930432,210.396,251.034,-1.2640828716492751,0.36303086597574774
367,2716,20220116,29720,33485,-0.8630060728440935,-0.9875137751214034,26562,30464,-1.0080379987819172,-0.7804051781234507,337.458,388.636,-1.0370187583522164,-0.31837430554195745,217.975,251.034,-1.036996936293676,-0.31839835348232315
368,2425,20220117,29720,33485,-0.8495839639932149,-0.9946075961147627,26562,30586,-0.9975237827517963,-0.7975054512531949,337.458,388.636,-1.1559661947366222,-0.12984517871723966,217.975,251.034,-1.155956554200949,-0.12984553871831483
369,3002,20220118,29720,33485,-0.8485390073820062,-0.998485649428575,26562,30609,-0.9838991111867058,-0.8102359285347034,337.458,388.636,-1.1460522546948138,-0.16447483329911883,217.975,251.034,-1.1460467174471116,-0.16446652559105734
370,2661,20220119,29720,33485,-0.830976454081235,-1.0163973278843732,26562,30609,-0.9871193774343313,-0.8050548213970692,337.458,388.636,-1.1515613457893363,-0.15354890422569856,217.975,251.034,-1.1515565497677702,-0.15354043302905485
371,2179,20220120,29720,33319,-0.8568538995446346,-1.0090555025827777,26562,30620,-0.9743056067007718,-0.8196693883515427,337.458,388.636,-1.1452922194957995,-0.16676040939808523,217.975,251.034,-1.14528507121241,-0.16675737489587705
372,3032,20220121,29720,33319,-0.8566344102314579,-1.007270067085833,26562,30743,-0.9715638934281458,-0.8346025396371695,337.458,391.15,-1.1125784481167214,-0.2254222651955211,217.975,252.658,-1.1125588042843837,-0.22543567722490954
373,2301,20220122,29720,33319,-1.2201588500789629,-0.1720324252375658,26562,30743,-1.3215193494348088,0.12239893658506684,337.458,391.15,-1.48178864673686,0.7157158852129673,217.975,252.658,-1.4817644309688198,0.7156908295039233
374,3167,20220123,29462,33319,-1.2641707419216894,-0.018805806365087996,26793,30743,-1.268779811544882,-0.02017743998609145,340.599,391.15,-1.4118768997650606,0.5907739243185279,220.005,252.658,-1.411824869160012,0.5906789763026854
375,2963,20220124,29462,33477,-1.2298645569217097,-0.07751647060178524,26793,30743,-1.2719695076205588,-0.020675667886968174,340.599,391.15,-1.44048528048005,0.6505963116096884,220.005,252.658,-1.4404544573003717,0.6505437835928443
376,2549,20220125,29462,33477,-1.2323238180858194,-0.07910605282830696,26793,30743,-1.2577062842657492,-0.020518116796968133,340.599,391.15,-1.4263282427792716,0.6480506830820403,220.005,252.658,-1.4263015112907305,0.6480070955769661
377,3464,20220126,29462,33477,-1.2545245644970167,-0.04936869161800672,26793,30743,-1.248980393083147,-0.0249061997429032,340.599,391.15,-1.4374743287688052,0.6941273634244003,220.005,252.658,-1.4374568727662662,0.694102145239289
378,4700,20220127,29462,33477,-1.2717920766897512,-0.03396385022705939,26793,30743,-1.1536460003545799,-0.15178231736551728,340.599,391.15,-1.4156679014550662,0.7039884713634965,220.005,252.658,-1.4156497006297553,0.703963497669541
379,3346,20220128,29462,33477,-1.2470119326109914,-0.07143868002518783,26793,30743,-0.7969963134861147,-0.980619851960673,340.599,391.15,-1.0459101942957814,-0.2038458971301349,220.005,252.658,-1.0458737059681253,-0.20393781606780115
380,3087,20220129,29462,33477,-1.2584124998642392,-0.09319066361528794,26219,30743,-0.8716473452019738,-0.862575843460375,334.252,391.15,-1.0205562851523162,-0.4903204789928357,215.905,252.658,-1.0205483698359634,-0.4903220419326946
