,date,supply,demand,industry,civil,OR,today
0,20210101,0.19929894842263396,0.22485381843954877,0.10320866544042517,0.0769705999927317,2936,2767
1,20210102,0.1956267734935737,0.2109739531037742,0.08635172436986971,0.05010236096473708,3037,2936
2,20210103,0.20074556278862743,0.21044238379304248,0.07294843835290399,0.028739809329989985,3032,3037
3,20210104,0.43737828965670733,0.46193373102592883,0.18290143242606993,0.2040132766411067,3067,3032
4,20210105,0.4569075835976186,0.4805977201582896,0.2127089331957046,0.2515233007474169,3102,3067
5,20210106,0.47426695598953983,0.4969582422774792,0.2214090395217142,0.26539351431236446,3102,3102
6,20210107,0.483892505424804,0.5071761856948793,0.2302566052769781,0.2794938886264249,3106,3102
7,20210108,0.4792188282423635,0.5019786191010573,0.24126690932797312,0.2970406173153568,3201,3106
8,20210109,0.3540866855839315,0.36353434528379913,0.1826737757633613,0.20364986493198156,2906,3201
9,20210110,0.29243865798698043,0.3155159175476936,0.12773349683220925,0.11606764303279182,3093,2906
10,20210111,0.4933511378178379,0.5177485086527671,0.22710045608942775,0.27446063645503993,3116,3093
11,20210112,0.4920714404940745,0.5150315988423602,0.24587178273275967,0.30438153383968714,3114,3116
12,20210113,0.4564068324709287,0.47729017778040284,0.2324891927760402,0.28304926651403384,3132,3114
13,20210114,0.4589105881043789,0.47888488571259824,0.22531542089319034,0.27161996826204393,3309,3132
14,20210115,0.44283091303622113,0.45136140806804104,0.21665929369520387,0.2578224370389215,3046,3309
15,20210116,0.2927724920714405,0.30760144114346466,0.1557688974432606,0.16075516953156233,3034,3046
16,20210117,0.26934846714516225,0.2834445691335421,0.11041606842117535,0.08846652372472774,3157,3034
17,20210118,0.4556835252879319,0.4739826354025163,0.1974171316812704,0.22715048878874877,3158,3157
18,20210119,0.4586323930339955,0.4770539247534109,0.21756474633097656,0.25926397015178493,3150,3158
19,20210120,0.4578534468369222,0.47669954521292324,0.21874183475748088,0.2611355404537803,3074,3150
20,20210121,0.4703722250041731,0.4944775854940642,0.21779757700874658,0.25963343872272926,3097,3074
21,20210122,0.461080509653369,0.4832555667119487,0.22410211436125504,0.26968782934186164,3203,3097
22,20210123,0.3069048016469149,0.3133305770480186,0.1577427841892448,0.16390473767731484,3073,3203
23,20210124,0.21615756968786526,0.22467662866930493,0.09283476524200163,0.06043536722753218,3269,3073
24,20210125,0.45390307683747855,0.46547752643080753,0.18158981960796483,0.20191760245181767,3219,3269
25,20210126,0.4588549490903022,0.47368731911877626,0.20684418712342878,0.24217150609925975,3064,3219
26,20210127,0.43103544205196687,0.4533104955407241,0.20048273560524343,0.23203837627648372,3286,3064
27,20210128,0.44166249374061106,0.451479534581537,0.20459090356412024,0.23858584390255744,3203,3286
28,20210129,0.42102041951816616,0.4344693166381195,0.19780776981841808,0.2277682886942618,3447,3203
29,20210130,0.2895454292549937,0.2804914062961432,0.13946040196923015,0.1347591186054682,2906,3447
30,20210131,0.1924553496912036,0.2093792451715788,0.08569203744952114,0.04904846700827381,2938,2906
31,20210201,0.39364602459244424,0.4210619573563288,0.21071952440453567,0.3662887184891763,3046,2938
32,20210202,0.4377121237411674,0.46146122497194497,0.24018812718763827,0.4170694479776138,3006,3046
33,20210203,0.42975574472820344,0.4553777095269034,0.2447878265773632,0.42499788009836337,3132,3006
34,20210204,0.4385467089523174,0.4572677337428386,0.2433908425107425,0.42259330595631805,3060,3132
35,20210205,0.41428809881488915,0.4357687082865751,0.23685864849552585,0.41132754297343466,3066,3060
36,20210206,0.2691815501029322,0.28137735514736284,0.17328035141910314,0.3017710263958038,2763,3066
37,20210207,0.20992600011127815,0.23637115350540427,0.13198653721280984,0.2306210706108951,3047,2763
38,20210208,0.3370055082623937,0.35449766700135865,0.18956815083288725,0.32984458092573066,2880,3047
39,20210209,0.22750792855950608,0.2481247415982517,0.15316378085976623,0.26711366306889084,2887,2880
40,20210210,0.13086296110832918,0.14511842182977985,0.08987005461172903,0.15804775229857926,2833,2887
41,20210211,0.0033939798586770653,0.012993916484554946,0.029098660706201374,0.053324611452314485,2992,2833
42,20210212,0.0,0.0,0.0,0.0031798524548460882,3024,2992
43,20210213,0.00417292605575037,0.002539720040163118,0.004216822275169618,0.010454143499170288,2911,3024
44,20210214,0.024815000278195054,0.031126336306184,0.01564880855368178,0.030151058133759845,2644,2911
45,20210215,0.06698937294831153,0.0916661744728604,0.040564278082613536,0.07308209470509164,3001,2644
46,20210216,0.15640126856952108,0.16549524540783178,0.07647452961735579,0.1349650519073058,2824,3001
47,20210217,0.3232626717854561,0.3530801488394071,0.17317945812540259,0.30160143426487873,2907,2824
48,20210218,0.3636009569910421,0.39099875967160846,0.20371908202624778,0.3542295066080363,2885,2907
49,20210219,0.36760696600456244,0.39655070580591834,0.21588319143597035,0.37518624850092697,2975,2885
50,20210220,0.3039002948867746,0.3236075837221666,0.19857352404752848,0.34535620404356115,3139,2975
51,20210221,0.19423579814165692,0.1975075305652354,0.11077824947548431,0.19407396639653074,2989,3139
52,20210222,0.41451065487119565,0.4401984525426732,0.2075918322998238,0.360898111470485,3109,2989
53,20210223,0.45195571134479495,0.4728604335243045,0.24581745557461332,0.4267664837494398,3049,3109
54,20210224,0.4548489400767819,0.47947551828007806,0.2533948006322647,0.43983113469249346,3028,3049
55,20210225,0.4559617203583153,0.4818971118067452,0.2571795926497943,0.44634831800947294,3041,3028
56,20210226,0.43815723585378064,0.46222904730966885,0.25083366317679356,0.4354156824266211,2758,3041
57,20210227,0.23974851165637356,0.26832437540606,0.17127542058274936,0.2983246720209327,2672,2758
58,20210228,0.15489901518945093,0.18333234894572104,0.10878107966172301,0.1906336688834782,2832,2672
59,20210301,0.2494297001057142,0.2742307010808578,0.1356057607483696,0.11623723516371709,3221,2832
60,20210302,0.4302008568408169,0.4431516153800721,0.2270357809011584,0.2606267640610047,3075,3221
61,20210303,0.436599343459634,0.4585671253912942,0.24278548274854028,0.2854962386888107,3088,3075
62,20210304,0.44333166416291103,0.4649459571200758,0.2479750198552828,0.29369117272958545,3268,3088
63,20210305,0.45802036387915224,0.46990727068690585,0.25470900045790035,0.30433307894513706,2805,3268
64,20210306,0.26773493573693874,0.29525722048313763,0.18584027298103467,0.195570011265763,2751,2805
65,20210307,0.20252601123908098,0.22922449943889922,0.13013682682830296,0.1076001502101731,3110,2751
66,20210308,0.44383241528960116,0.4641781347823519,0.2259363027005773,0.25888844471902206,3048,3110
67,20210309,0.45011962388026494,0.474514204713248,0.25281531094537024,0.3013409892066723,3055,3048
68,20210310,0.448227897401658,0.47209261118658086,0.2535914132046039,0.30256447529406083,3076,3055
69,20210311,0.45685194458354195,0.4800070875908098,0.26033574183734454,0.31321849523324974,3272,3076
70,20210312,0.46152562176598244,0.47339200283503646,0.25589902392205877,0.3062046492471322,3075,3272
71,20210313,0.27635898291882266,0.28846494595712024,0.17910629237841713,0.1849281050502114,2933,3075
72,20210314,0.20413954264730427,0.22018782115645874,0.12283370456891418,0.09606182844544597,3075,2933
73,20210315,0.4594669782451455,0.4828421239147127,0.23703973902268027,0.2764291165461352,3087,3075
74,20210316,0.4932954988037612,0.5180438249365071,0.27032676492121266,0.32899056340928645,3183,3087
75,20210317,0.500417292605575,0.5199338491524423,0.28167596695873987,0.346912817530981,3214,3183
76,20210318,0.5025872141545653,0.5204063552064262,0.2825270924363662,0.3482634977165633,3137,3214
77,20210319,0.5061481110554722,0.5287342744078909,0.2826176376999435,0.34840886240021307,2838,3137
78,20210320,0.31602959995548896,0.34457503986769833,0.21571762295400054,0.24275296483386044,3186,2838
79,20210321,0.22083124687030553,0.22296379422361357,0.1377012368483005,0.11954428171675713,3225,3186
80,20210322,0.4410504645857676,0.45443269741893566,0.22991512028291516,0.2651694104250706,3537,3225
81,20210323,0.46503087965281265,0.46146122497194497,0.25043267700952276,0.297573621155407,3059,3537
82,20210324,0.4564624714850054,0.4805977201582896,0.26158267946717983,0.31518091846252627,3272,3059
83,20210325,0.45740833472430875,0.469021321835686,0.2486683378735316,0.29478746471878003,3279,3272
84,20210326,0.46197073387859566,0.47345106609178433,0.2586619479649307,0.31057164661845427,3201,3279
85,20210327,0.3332220553051801,0.3413856240033075,0.19976096050415615,0.2175564196678419,2919,3201
86,20210328,0.271407110665999,0.2924221841592347,0.15976065006325246,0.15437729403641387,3181,2919
87,20210329,0.5417014410504646,0.5638769121729372,0.27669339045445973,0.3390510108902376,3262,3181
88,20210330,0.5793690535803706,0.5990786131947317,0.31862102150579363,0.40526462429286125,3229,3262
89,20210331,0.579647248650754,0.6013230169511548,0.3197851748946441,0.4071059102857628,3470,3229
90,20210401,0.5881043787904079,0.5960663871005849,0.30953803806522884,0.3612857506268854,3160,3470
91,20210402,0.40883547543537535,0.42407418345047554,0.2352365947737276,0.2461266368669066,3057,3160
92,20210403,0.32170477939130926,0.337664638828185,0.1922767477176126,0.17953144116970132,2995,3057
93,20210404,0.1840538585656264,0.19520406355206443,0.1166041904347983,0.062240312049521185,2872,2995
94,20210405,0.22422522672898237,0.24511251550410496,0.11027378300698243,0.0524342527649575,3201,2872
95,20210406,0.452122628387025,0.46760380367373466,0.21531146277166813,0.215236641591259,3247,3201
96,20210407,0.45774216880876883,0.47085228279487334,0.24201455450436837,0.25662923526062675,3298,3247
97,20210408,0.47159628331385983,0.4825468076309729,0.25135623869801105,0.2711111918692688,3211,3298
98,20210409,0.43298280754465046,0.4466954107849508,0.23688710557836434,0.2486826325544209,2966,3211
99,20210410,0.2825349134813331,0.3014588624416752,0.17460231226733103,0.1521423120252936,2848,2966
100,20210411,0.2540477382740778,0.27818793928297225,0.13703896292042117,0.09391164249978812,3205,2848
101,20210412,0.5258999610526902,0.5456854290945603,0.25184777012885895,0.27186829959661307,3195,3205
102,20210413,0.5515495465420353,0.5735042230228575,0.2906425350604197,0.3320008237332075,3235,3195
103,20210414,0.4974127858454349,0.5136731439371567,0.2730327747984076,0.3047086043778997,3208,3235
104,20210415,0.5004729316196517,0.518516330990491,0.2707355121110758,0.301147169628472,3320,3208
105,20210416,0.5054248038724753,0.5171578760852875,0.2730948629791461,0.3048055141670001,2883,3320
106,20210417,0.30762810882991154,0.33299864154509495,0.19971956838366367,0.19106976293442846,2863,2883
107,20210418,0.22734101151727604,0.24895162719272346,0.13828848755778744,0.09584983828178961,3091,2863
108,20210419,0.497746619929895,0.5225326324493533,0.24576571542399772,0.262443822606631,3214,3091
109,20210420,0.536415734713181,0.5563168153091962,0.28234600190921166,0.3191421060919917,3302,3214
110,20210421,0.5720247037222501,0.5889197330340796,0.2978085459206772,0.3431091083088029,3285,3302
111,20210422,0.6200968118844936,0.6409544622290475,0.3234949436937813,0.3829208610434762,3334,3285
112,20210423,0.5877705447059478,0.6037446104778219,0.30998300336052265,0.3619822897360421,2989,3334
113,20210424,0.3614866744561287,0.38391116886185106,0.2307196796249873,0.23912490460442637,2911,2989
114,20210425,0.2529905970066211,0.27334475222963794,0.16019009331336176,0.12979854877590813,3197,2911
115,20210426,0.535247315417571,0.5560805622822043,0.2634867170098333,0.2899056340928641,3474,3197
116,20210427,0.5750848494964671,0.5820093319945663,0.29540004190952207,0.3393720245666316,3169,3474
117,20210428,0.5438713625994549,0.5668891382670842,0.2935606795551382,0.3365252995118171,3296,3169
118,20210429,0.4792744672564402,0.49081566357568973,0.2691289804344622,0.29865779942096404,3058,3296
119,20210430,0.36460245924442236,0.3831433465241274,0.2105461948999734,0.20785332703419712,2884,3058
120,20210501,0.2931619651699773,0.31758313153387285,0.10216868841305193,0.02880037794817758,2975,2884
121,20210502,0.2936627162966672,0.31273994448053877,0.08342323184502798,0.0,3234,2975
122,20210503,0.5616758471039893,0.5819502687378184,0.2020815062592647,0.18229337015905323,3360,3234
123,20210504,0.6396817448394816,0.6573149843482371,0.24620550670423025,0.25006965391091573,3578,3360
124,20210505,0.6314471707561342,0.6356978323784774,0.23779773222919875,0.23715642451333108,3465,3578
125,20210506,0.6474155677961386,0.6593231350776683,0.24051409013651648,0.24132960230645306,3518,3465
126,20210507,0.7121237411673067,0.724883350067923,0.2697912543623415,0.2863078581725238,3305,3518
127,20210508,0.48622934401602413,0.497667001358455,0.2032715297234231,0.18412254242831727,2975,3305
128,20210509,0.4054414955766985,0.43139802728722465,0.15434086928627055,0.10895083039575537,3519,2975
129,20210510,0.7623101318644636,0.7780993443978501,0.2815698996499779,0.3043997044251434,3611,3519
130,20210511,0.8178378679129805,0.8316106550115177,0.31730423467262714,0.35929909995033404,3669,3611
131,20210512,0.858176153118567,0.871005847262418,0.33602899518040497,0.38806313672759885,3682,3669
132,20210513,0.8614032159350136,0.8736636938160773,0.31385316662656804,0.3539993458589239,3344,3682
133,20210514,0.8619596060757804,0.8942177071643733,0.3465995079511677,0.4043015832636798,3507,3344
134,20210515,0.6987703777889056,0.7113578642726359,0.29181444947186264,0.32014148829208633,3306,3507
135,20210516,0.6029599955488789,0.6215226507589628,0.24461449707280114,0.2476347954597764,1437,3306
136,20210517,0.7774995827073945,0.9171933140393362,0.33820984252885156,0.39141863817518896,3095,1437
137,20210518,0.8611806598787068,0.9080975725001477,0.35735628526414653,0.42083075916706036,2880,3095
138,20210519,0.8651310298781505,0.9249896639300694,0.36194046260868684,0.4278748894622717,2570,2880
139,20210520,0.8408167807266458,0.9174886303230763,0.35995364082504855,0.4248222311056198,2882,2570
140,20210521,0.8710844043843542,0.9311913058886068,0.3641808111303413,0.4313091301135057,3653,2882
141,20210522,0.7022199966616594,0.7063965507058059,0.29118839364941385,0.31917844726290423,2244,3653
142,20210523,0.5259556000667669,0.6025042820861144,0.23955948435765917,0.2398638417463146,2285,2244
143,20210524,0.8497746619929893,0.9438308428326738,0.34472392749135294,0.4014185170379523,2797,2285
144,20210525,0.8448784287542423,0.9083928887838877,0.34005955291335854,0.39425324950636575,2388,2797
145,20210526,0.8126634396038503,0.8983521351367314,0.3468840787795535,0.40473767731462984,2523,2388
146,20210527,0.8701941801591278,0.9514500029531627,0.36832002317958734,0.43766883502319787,2326,2523
147,20210528,0.8803204807210818,0.973834977260646,0.37150204244244556,0.44256277937275135,4990,2326
148,20210529,0.6439103099093084,0.5655306833618807,0.2593086998476254,0.27020266259645576,3604,4990
149,20210530,0.40421743726701176,0.39294784714429154,0.15777124127208353,0.11422030017807172,4077,3604
150,20210531,0.7127914093362264,0.6925757486267794,0.24210509976794548,0.2437765744812299,3562,4077
151,20210601,0.7092305124353198,0.7192132774201172,0.27549043195264755,0.4616237235163716,3989,3562
152,20210602,0.8220107939687309,0.8137144882168805,0.30841010278180936,0.5178011168853196,3799,3989
153,20210603,0.8611806598787068,0.8665170397495718,0.3365386356639686,0.5658078036607674,3726,3799
154,20210604,0.8506092472041398,0.8596066387100587,0.337257823757525,0.5670373466099745,3987,3726
155,20210605,0.5083180326044623,0.48083397318528154,0.21164826010808524,0.35267289312061645,4063,3987
156,20210606,0.35837088966783526,0.3171696887366371,0.11472343595992229,0.18726605371225058,4602,4063
157,20210607,0.6986034607466758,0.6465064083633572,0.22749626824163682,0.3797167811413553,3775,4602
158,20210608,0.7639793022867636,0.7647510483728073,0.28238739402970414,0.4733922060302116,3914,3775
159,20210609,0.7978078228453791,0.7924517157876088,0.30361896483480666,0.5096304102918199,3749,3914
160,20210610,0.8142769710120739,0.8196798771484259,0.31630823677327724,0.531277634432048,2900,3749
161,20210611,0.7851777666499751,0.8389344988482665,0.3293596897660569,0.5535547722014269,3046,2900
162,20210612,0.6304456685027544,0.6660563463469378,0.2676517991343874,0.44824411575874334,2729,3046
163,20210613,0.5068714182384688,0.5535999054987892,0.21336603310852253,0.35560441424089384,3273,2729
164,20210614,0.5822622823123575,0.6015002067213988,0.2330324643575038,0.38917154244043073,3750,3273
165,20210615,0.8936738440994825,0.9039040812710415,0.3515484533575479,0.59142227229228,3715,3750
166,20210616,0.8683024536805211,0.8790384501801431,0.3597311581774014,0.6053893956463281,3833,3715
167,20210617,0.9362933288822122,0.9442442856299096,0.3723531679200718,0.6269215394120002,3848,3833
168,20210618,0.9473654926834696,0.9551119248715374,0.3814878915112523,0.6425179585952929,4685,3848
169,20210619,0.7573582596116397,0.7039749571791389,0.30588777043929993,0.5135007449940037,4156,4685
170,20210620,0.6130306570967563,0.5820093319945663,0.23291863602614948,0.3889716660004119,3986,4156
171,20210621,0.8380904690368887,0.8309609591872895,0.32405115031289866,0.5444937069205704,3589,3986
172,20210622,0.7897958048183389,0.8031421652589923,0.30439248008650965,0.5109447493064896,3901,3589
173,20210623,0.7126801313080735,0.7028527553009274,0.2702206976124508,0.45262928371552125,4694,3901
174,20210624,0.7569687865131032,0.7030299450711712,0.2687202332445989,0.45007328802800695,5589,4694
175,20210625,0.7968063205919993,0.6924576221132834,0.2680941774221506,0.4490012234860876,4203,5589
176,20210626,0.557836755132699,0.5206426082334181,0.2134125992440763,0.35568921030635603,4320,4203
177,20210627,0.538084905135481,0.4927647510483728,0.1764183915539379,0.29255248270765977,5005,4320
178,20210628,0.8309130362209984,0.7631563404406119,0.2777695855872637,0.4655182856658311,5282,5005
179,20210629,0.8698047070605908,0.7880810347882583,0.3049254036378499,0.5118532785793026,5987,5282
180,20210630,0.9583263784565736,0.8404110802669662,0.3235466838443968,0.5436336325423072,6038,5987
181,20210701,1.0,0.8816372334770539,0.3019348229322696,0.6355889086746378,4602,6038
182,20210702,0.9582151004284203,0.9220955643494182,0.31716453626596497,0.6635292122445522,4326,4602
183,20210703,0.733878595671285,0.7002539720040164,0.2501222361058292,0.5405204055674675,4525,4326
184,20210704,0.6284426639959939,0.5765755123737524,0.19972732940625593,0.4480563530423616,2268,4525
185,20210705,0.8211762087575809,0.9144764042289293,0.3040509950924468,0.6394774139622781,3924,2268
186,20210706,0.916430200856841,0.9177839466068158,0.32583618550913607,0.6794466451042387,3799,3924
187,20210707,0.9251098870528014,0.9343807217529976,0.33111368087192505,0.689131567152427,3805,3799
188,20210708,0.9397429477549659,0.9495599787372278,0.3377907473088655,0.7013785417499485,3858,3805
189,20210709,0.9523173649362935,0.9597779221546279,0.3411228130085089,0.707489915325072,3811,3858
190,20210710,0.749012407500139,0.7467367550646744,0.275555107140917,0.5871885258809708,3394,3811
191,20210711,0.5930562510432316,0.605811824464001,0.21597373669954745,0.47786822691427133,3464,3394
192,20210712,0.933121905079842,0.9626720217352787,0.3248453616248477,0.6776295865586124,2872,3464
193,20210713,0.9217159071941246,0.9855295020967458,0.33324796208481766,0.6930382430255235,3832,2872
194,20210714,0.941745952261726,0.9500915480479597,0.3278902694885746,0.6832079562936852,4013,3832
195,20210715,0.9406331719801924,0.9382198334416161,0.3259319047877749,0.6796222940969825,4235,4013
196,20210716,0.9382406943748958,0.922568070403402,0.3147146401343175,0.6590410776368552,4113,4235
197,20210717,0.7302064207422245,0.708936270745969,0.2481069572393526,0.5368257198580275,4457,4113
198,20210718,0.623880264841707,0.5757486267792806,0.19924614600553114,0.44717810807864233,3338,4457
199,20210719,0.9456963222611696,0.9834622881105666,0.3189495714622026,0.6668059744884982,4042,3338
200,20210720,0.9532632281755968,0.9499143582777154,0.33172680165671964,0.6902520865888966,5476,4042
201,20210721,0.9959939909864799,0.9105782292835627,0.31493970978949504,0.6594468873787116,5400,5476
202,20210722,0.9453068491626331,0.8612604098990018,0.3004809246999718,0.6329178326125668,5657,5400
203,20210723,0.9190452345184443,0.8182032957297267,0.2826978349333975,0.6002895179949366,4373,5657
204,20210724,0.5813720580871307,0.5355856121906564,0.19596323344897248,0.4411575874308007,3494,4373
205,20210725,0.5882712958326379,0.5948260587088774,0.1829712816294009,0.4173177793121827,4518,3494
206,20210726,0.9873143047905191,0.9579469611954405,0.3122647440026698,0.6545468861673391,3950,4518
207,20210727,0.9953263228175597,1.0000000000000002,0.34622180485167386,0.7168417099732287,3033,3950
208,20210728,0.932788070995382,0.9877739058531689,0.3501980354264811,0.7241402284648282,3834,3033
209,20210729,0.9492015801479998,0.9578878979386924,0.3370224060722242,0.6999672929461791,3833,3834
210,20210730,0.8890558059311191,0.8940995806508771,0.3121043495357616,0.6542440430764014,5201,3833
211,20210731,0.6521448839926558,0.5618096981867582,0.20573177388519392,0.4590798415524948,5486,5201
212,20210801,0.5917765537194681,0.4808930364420294,0.8522922180226467,0.8084880861528025,4516,5486
218,20210807,0.4575196127524621,0.45933494772901784,0.8923597906593503,0.86043778997226,4066,3438
219,20210808,0.5193901964057197,0.4879215639950387,0.8558959195130216,0.8131639834768809,4845,4066
225,20210814,0.7254771045457074,0.6300277597306716,1.0,1.0000000000000002,3483,5364
226,20210815,0.5359149835864909,0.5398972299332585,0.9117778691853773,0.885616164552822,4420,3483
233,20210822,0.5839870917487342,0.5690744787667592,0.9545566257143374,0.9410788482271564,4656,3853
240,20210829,0.6737328214544038,0.6153800720571734,0.9977130853427916,0.997038194570629,3749,4682
243,20210901,0.9280587547988652,0.9345579115232414,0.336228194760275,0.9318239633680998,4267,3849
244,20210902,0.9548767595838203,0.9383379599551118,0.341516038153187,0.9427142009182201,3969,4267
245,20210903,0.9415233962054192,0.9417636288464946,0.32541450328161914,0.9095528824605397,5140,3969
246,20210904,0.7400545262337954,0.6587325025101884,0.2377770361689524,0.729076570847113,4562,5140
247,20210905,0.6229900406164806,0.5686019727127756,0.1933865739483167,0.6376542985548328,3883,4562
248,20210906,0.9311745395871585,0.9358573031716968,0.31397475598051483,0.8859916899855846,3843,3883
249,20210907,0.9577143493017304,0.966393006910401,0.3484000651925898,0.9568933144359246,3860,3843
250,20210908,0.970622600567518,0.9790916071112161,0.3560006933180184,0.9725381885137672,3902,3860
251,20210909,0.9553218716964338,0.9603685547221075,0.35411993884314197,0.9686739106734021,3303,3902
252,20210910,0.9533745062037502,0.9936802315279667,0.36407991783664073,0.9891763879298858,3720,3303
253,20210911,0.864685917765537,0.8749040222077846,0.32516615055866427,0.9090380492059451,4008,3720
254,20210912,0.5018082679574918,0.4726832437540607,0.17864063102287686,0.607285193395598,3846,4008
255,20210913,0.8686919267790576,0.8717146063433938,0.2957932670542005,0.8485542270838631,3958,3846
256,20210914,0.9522060869081401,0.9537534699663339,0.34060799850988377,0.9408426306162256,3899,3958
257,20210915,0.9632226116953206,0.9689327269505641,0.33947488921140256,0.938510738816005,4841,3899
258,20210916,0.9708451566238248,0.9213868052684424,0.3273107798016801,0.9134535014718177,4647,4841
259,20210917,0.9571023201468871,0.9182564526607997,0.32485829666250154,0.9084081355767955,4609,4647
260,20210918,0.744839481444389,0.6951745319236904,0.25672427932437725,0.7680888178217102,3153,4609
261,20210919,0.5306292772492072,0.5537770952690333,0.20689592727404438,0.665479521750191,6911,3153
262,20210920,0.7358259611639681,0.5496426672966748,0.20559724949359337,0.66280844568812,6556,6911
263,20210921,0.7294831135592279,0.5638769121729372,0.2071986071551456,0.6660973216557038,3816,6556
264,20210922,0.9358482167695987,0.9447758549406415,0.3164531091950009,0.8910976244987949,3133,3816
265,20210923,0.9063039002948869,0.9537534699663339,0.34113057403110103,0.9419207520199635,4457,3133
266,20210924,0.9619985533856341,0.9346760380367376,0.3366628120254458,0.9327203789172753,5348,4457
267,20210925,0.7837311522839814,0.6928120016537713,0.25698815409251663,0.7686399922472169,3209,5348
268,20210926,0.5389751293607079,0.5593290414033432,0.19714032187547703,0.6453828542355635,4395,3209
269,20210927,0.9273910866299451,0.9016006142578703,0.30843338584958624,0.8745805623190515,5268,4395
270,20210928,0.9639459188783177,0.8888429508003071,0.31982656701513656,0.8980509018667251,4843,5268
271,20210929,0.9514271407110666,0.9006556021499026,0.31985502409797517,0.8980993567612747,5212,4843
272,20210930,0.9759083069048016,0.9048490933790092,0.3249410809034867,0.9085837845695386,3175,5212
273,20211001,0.8657430590329942,0.9082156990136439,0.38497000364768064,0.9436590713619462,5235,3175
274,20211002,0.7727146274968009,0.6877916248301932,0.30895854837833436,0.793309590435004,3317,5235
275,20211003,0.5232849273910867,0.5362943712716319,0.24825441666860704,0.6732383617400153,3756,3317
276,20211004,0.9100317142380239,0.920914299214459,0.37492982742072756,0.9238046783200689,2670,3756
277,20211005,0.8599566015690203,0.9319000649695826,0.3953671869138813,0.9642281740984366,2327,2670
278,20211006,0.8351972403049017,0.925875612781289,0.3984715959508158,0.9703698319826535,1629,2327
279,20211007,0.8027040560841261,0.9326088240505583,0.4048382214840627,0.9829620477038439,1854,1629
280,20211008,0.8094920158014802,0.9265253086055167,0.4019718171399598,0.9772867681796706,5140,1854
281,20211009,0.7588605129917099,0.6786958832910048,0.3189055923341795,0.8129883344841373,3642,5140
282,20211010,0.5369721248539476,0.5316283739885419,0.25267043852364646,0.6819723564826592,2614,3642
283,20211011,0.47454515105992323,0.526076427854232,0.24160839432203596,0.6600949715933182,2384,2614
284,20211012,0.7524063873588163,0.8346228811056642,0.35243838394813554,0.8793109713994987,2572,2384
285,20211013,0.7241974072219439,0.7935739176658203,0.3547822127710214,0.8839505275526645,2884,2572
286,20211014,0.7137929115896067,0.7641013525485796,0.34297252339301565,0.8605952683795473,2808,2884
287,20211015,0.7925221165080956,0.8521646683598136,0.3540397416096879,0.8824847669925264,5663,2808
288,20211016,0.7312635620096812,0.6185104246648161,0.2768149798084063,0.7297307119235381,6547,5663
289,20211017,0.4979691759862015,0.31864627015533653,0.14249754881036458,0.46405858196751115,5902,6547
290,20211018,0.727758304122851,0.6006733211269271,0.23253834591912503,0.6421484900243486,5502,5902
291,20211019,0.7437267011628554,0.6412497785127873,0.2647284806246072,0.7058303351867332,5030,5502
292,20211020,0.7466199298948424,0.6721989250487272,0.2792364188572153,0.7345156327603544,6040,5030
293,20211021,0.775886051299171,0.6436123087827064,0.2698947346635726,0.7160482610749721,3899,6040
294,20211022,0.5692983920324932,0.5507648691748863,0.23420437876894673,0.6454434228537513,4684,3899
295,20211023,0.4615812607800591,0.39005374756364075,0.17041136006746915,0.5192729343072768,5049,4684
296,20211024,0.39386858064875097,0.2966156753883411,0.11613335506419664,0.4119090017080351,4043,5049
297,20211025,0.6022366883658823,0.5772252081979801,0.21492858565711292,0.6073215345665104,3471,4043
298,20211026,0.6057419462527125,0.6147303762329457,0.2559145459672433,0.688392630010539,3915,3471
299,20211027,0.629611083291604,0.6138444273817258,0.2554566456342956,0.6874841007377259,6817,3915
300,20211028,0.7643131363712237,0.585435000885949,0.24711872036259508,0.6709912660052575,5412,6817
301,20211029,0.6545373615979524,0.5518870710530979,0.23076107174548,0.6386355101694712,3806,5412
302,20211030,0.39147610304345415,0.3674915834859136,0.16687492077289456,0.5122712020447966,4487,3806
303,20211031,0.37739943248205643,0.312326501683303,0.1146535867565911,0.4089835374495767,3357,4487
304,20211101,0.5619540421743727,0.574980804441557,0.2830988211006683,0.6794103039333261,2949,3357
305,20211102,0.5492127079508151,0.585553127399445,0.30598866373300004,0.7232316991920147,4206,2949
306,20211103,0.6351749846992711,0.6025633453428623,0.3174335850491661,0.7451393683904497,3767,4206
307,20211104,0.6293885272352973,0.6223495363534346,0.3277842021798125,0.7649574202614142,2818,3767
308,20211105,0.6239915428698604,0.6726714311027111,0.33896007471277745,0.7863502562052549,5471,2818
309,20211106,0.5809825849885941,0.4703207134841416,0.27609061769978827,0.6660004118666036,2584,5471
310,20211107,0.3313859678406499,0.37587856594412616,0.21125244795587594,0.5418710857530498,5417,2584
311,20211108,0.6520336059645024,0.5489339082156992,0.2848631602366595,0.6827900328281911,3914,5417
312,20211109,0.5146608802092028,0.4918788021971532,0.26131363068397906,0.6377088103112016,3686,3914
313,20211110,0.495521059366828,0.48502746441438793,0.26168615976841103,0.6384235200058146,3857,3686
314,20211111,0.5109887052801425,0.49134723288642146,0.26197849161938913,0.6389868081549588,4318,3857
315,20211112,0.5207255327435598,0.4744551414564999,0.2645396290748603,0.6438807525045125,5117,4318
316,20211113,0.41757080064541263,0.3177603213041167,0.1976111572460788,0.515759954452399,4827,5117
317,20211114,0.3332220553051801,0.24534876853109688,0.1347882663686435,0.39550096304102933,3571,4827
318,20211115,0.5205029766872531,0.5183391412202469,0.2494340921026421,0.6149713510435972,3899,3571
319,20211116,0.5670171924553498,0.5483432756482194,0.29071238426375046,0.6939891703310683,3859,3899
320,20211117,0.5789239414677572,0.5633453428622055,0.2985044509464567,0.7089011641288416,3466,3859
321,20211118,0.5475435375285151,0.5532455259583013,0.29429538969387947,0.7008515947717169,5704,3466
322,20211119,0.6754019918767038,0.55678932136318,0.2966857846523191,0.705418468583058,4094,5704
323,20211120,0.4154565181104992,0.37593762920087426,0.2264045510636482,0.570877397003065,4098,4094
324,20211121,0.35914983586490856,0.3159293603449296,0.17691768400737817,0.4761541350195637,6608,4098
325,20211122,0.669504256384577,0.49713543204772326,0.26053494141721445,0.6362188223037881,4036,6608
326,20211123,0.5195014744338731,0.48981158821097415,0.258868908567393,0.6330268561253045,3858,4036
327,20211124,0.5238969565459302,0.5049908451952041,0.2673491192532862,0.6492653026613853,3937,3858
328,20211125,0.5458187280921383,0.523595771070817,0.27472985173859843,0.6633899044227205,4089,3937
329,20211126,0.5206698937294831,0.4879215639950387,0.2694963355038327,0.6533718549745007,3727,4089
330,20211127,0.3623212596672787,0.3412084342330637,0.19637198063883576,0.5133917214812662,3435,3727
331,20211128,0.29216046291659725,0.28397613844427383,0.15505229635723483,0.4342951629901515,2773,3435
332,20211129,0.4976909809158183,0.541255684838462,0.26207421089802785,0.6391685140095213,4007,2773
333,20211130,0.531185667389974,0.5039277065737406,0.2742512553454044,0.6624753182880889,4556,4007
334,20211201,0.5276247704890671,0.46772193018723063,0.2556273881313269,0.3166224515753897,3821,4556
335,20211202,0.5044233016190953,0.4865040458330874,0.2608660783811543,0.3249627502998147,4966,3821
336,20211203,0.5417014410504646,0.4584489988777982,0.25837737713654496,0.32099550580853053,4418,4966
337,20211204,0.36816335614532925,0.3065973657787491,0.19149547144331747,0.21461884168574596,3620,4418
338,20211205,0.2727980860179158,0.25249542259760216,0.14703774702688177,0.14390497995178753,3792,3620
339,20211206,0.5048684137317088,0.4886893863327624,0.24799054190046765,0.30447844362878707,2841,3792
340,20211207,0.4562399154286987,0.49323725710235666,0.2724377630663284,0.3433695533670098,4244,2841
341,20211208,0.5355255104879542,0.49453664875081227,0.27332251964185483,0.3447686884471417,3256,4244
342,20211209,0.5126578757024427,0.5286161478943949,0.28735962250386116,0.36710033797288943,3531,3256
343,20211210,0.5031436042953319,0.5022739353847971,0.2827340530388286,0.35974125086310305,3273,3531
344,20211211,0.3430145217826741,0.3475282027050972,0.20956830605333887,0.2433647078775545,4515,3273
345,20211212,0.3235408668558395,0.25349949796231774,0.1514641169120443,0.1509430533851801,4083,4515
346,20211213,0.52406387358816,0.4918788021971532,0.24703334911407948,0.30295817131227976,3050,4083
347,20211214,0.4949646692260614,0.5220010631386216,0.2826978349333975,0.3596867391067342,2686,3050
348,20211215,0.4881210704946308,0.5362353080148841,0.2906192519926426,0.3722850116897434,2864,2686
349,20211216,0.499582707394425,0.5378890792038273,0.2919515608709937,0.3743988564644889,6616,2864
350,20211217,0.649919323429589,0.4758726596184515,0.2723316957575663,0.3431999612360843,4279,6616
351,20211218,0.3514160129082513,0.29702911818557687,0.1815975806305573,0.19887705781880305,3428,4279
352,20211219,0.2564402158793746,0.24647097040930843,0.13705189795807504,0.12802388826301336,2642,3428
353,20211220,0.4518444333166416,0.5003248479121141,0.2500084077744752,0.30768858039272695,2862,2642
354,20211221,0.4843376175374172,0.5218238733683775,0.28324110651486123,0.36055287034681593,3057,2862
355,20211222,0.49591053246536476,0.5225916957061014,0.2811016512869069,0.3571489140046762,2423,3057
356,20211223,0.4748789851443833,0.5377118894335835,0.2839344245331099,0.3616552191978293,3191,2423
357,20211224,0.4721526734546264,0.48945720867048625,0.28160353074787803,0.3579423629029328,3035,3191
358,20211225,0.3014521782674011,0.3174650050203769,0.2006793481775826,0.22922799239258174,3429,3035
359,20211226,0.28353641573471333,0.2751757131888253,0.15035946469640182,0.1491865634577414,3767,3429
360,20211227,0.5090413397874591,0.49459571200756014,0.2503680018212533,0.3082579254036901,3252,3767
361,20211228,0.46291659711789923,0.4760498493886953,0.2640429236289509,0.33000811619483716,2807,3252
362,20211229,0.4348188950091805,0.47250605398381684,0.2634453248893408,0.32906324575111157,4376,2807
363,20211230,0.4733210927502365,0.4207075778158409,0.2405347861967626,0.2926191081876659,3927,4376
364,20211231,0.30406721192900465,0.26755655306833637,0.1605652094053247,0.1654189531320034,3346,3927
365,20220101,0.2282312357425027,0.22136908629141816,0.14998176159690813,0.08185243061864811,3641,3346
366,20220102,0.25877705447059496,0.23637115350540427,0.14008645779167872,0.06688592506450552,3184,3641
367,20220103,0.45930006120291544,0.4762270391589394,0.250642224619516,0.23407348184758536,2620,3184
368,20220104,0.44761586824681476,0.49713543204772326,0.287408775646946,0.28968153020556997,2512,2620
369,20220105,0.448227897401658,0.5041639596007326,0.30007735152517023,0.3088393841382904,3209,2512
370,20220106,0.4773827407778335,0.49394601618333245,0.29593813947592407,0.30257658901769835,3010,3209
371,20220107,0.4488399265565015,0.47540015356446763,0.29073566733152756,0.29470872551513616,3147,3010
372,20220108,0.3114672008012018,0.32148130647923945,0.2206303502549496,0.18868941623965774,3158,3147
373,20220109,0.2679018527791688,0.27458508062134546,0.17044499116536937,0.1127908807888458,2491,3158
374,20220110,0.43348355867134036,0.48975252495422605,0.26866331907892194,0.2613293600319804,2414,2491
375,20220111,0.44360985923329443,0.5050499084519522,0.29560700251198435,0.3020799263485605,2220,2414
376,20220112,0.4184610248706393,0.48981158821097415,0.302842862575573,0.3130246756550499,2475,2220
377,20220113,0.4304790519112003,0.48750812119780296,0.30154159778759126,0.3110501387021358,2681,2475
378,20220114,0.4239136482501531,0.4683716260114583,0.29237065609098,0.29717992513718805,2293,2681
379,20220115,0.2882100929171536,0.3472328864213574,0.2360540891534536,0.21201439110368137,3429,2293
380,20220116,0.2958326378456575,0.2882286929301283,0.1785707818195459,0.1250863102809172,2716,3429
381,20220117,0.46720080120180274,0.5122556257752053,0.274582392309344,0.2702814018000994,2425,2716
382,20220118,0.45228954542925504,0.5136140806804088,0.3009776301458815,0.3101961211856914,3002,2425
383,20220119,0.4681466644411061,0.4963676097099996,0.2968410051041659,0.30394543978873667,2661,3002
384,20220120,0.46603238190619267,0.5142637765046365,0.2999816322465314,0.30869401945464037,2179,2661
385,20220121,0.44605797585266793,0.5215285570846377,0.3093465995079512,0.3228610192487069,3032,2179
386,20220122,0.423579814165693,0.4472860433524306,0.28806846256729457,0.29067485554384587,2301,3032
387,20220123,0.2535469871473879,0.3099639714133837,0.1980017953832265,0.15447420382551402,3167,2301
388,20220124,0.47693762866522005,0.4959541669127636,0.27338978183765494,0.2684825138399294,2963,3167
389,20220125,0.44872864852834815,0.4780580001181267,0.28530553852442264,0.2865016777507239,2549,2963
390,20220126,0.42808657430590347,0.4805977201582896,0.28884715183405907,0.29185594359850286,3464,2549
391,20220127,0.443164747120681,0.4425609828125925,0.2763622534905199,0.2729767053094452,4700,3464
392,20220128,0.4143993768430425,0.33902309373338846,0.22583023539181524,0.1965512228804014,3346,4700
393,20220129,0.25927780559728486,0.2543263835567895,0.16215104502169198,0.10025317682402402,3087,3346
394,20220130,0.18299671729816946,0.18864804205303898,0.12030361120381217,0.0369710845416773,3111,3087
